space_group,n_test_samples,accuracy_before,accuracy_after,recall_before,recall_after,f1_before,f1_after,class_count_train,class_frequency_group,delta_accuracy,delta_recall,delta_f1
2,13,0.5384615384615384,0.6153846153846154,0.5384615384615384,0.6153846153846154,0.4827586206896552,0.4848484848484848,52,Head,0.0769230769230769,0.0769230769230769,0.0020898641588296
4,4,0.5,0.5,0.5,0.5,0.6666666666666666,0.6666666666666666,14,Head,0.0,0.0,0.0
11,3,1.0,1.0,1.0,1.0,1.0,0.6666666666666666,13,Head,0.0,0.0,-0.3333333333333333
12,3,0.0,0.3333333333333333,0.0,0.3333333333333333,0.0,0.4,10,Head,0.3333333333333333,0.3333333333333333,0.4
14,27,0.6296296296296297,0.5555555555555556,0.6296296296296297,0.5555555555555556,0.5573770491803278,0.5660377358490566,109,Head,-0.074074074074074,-0.074074074074074,0.0086606866687287
15,10,0.2,0.4,0.2,0.4,0.2666666666666666,0.5,37,Head,0.2,0.2,0.2333333333333333
19,7,0.4285714285714285,0.5714285714285714,0.4285714285714285,0.5714285714285714,0.4615384615384615,0.4705882352941176,27,Head,0.1428571428571428,0.1428571428571428,0.009049773755656
33,3,0.3333333333333333,0.3333333333333333,0.3333333333333333,0.3333333333333333,0.4,0.5,9,Head,0.0,0.0,0.0999999999999999
36,2,1.0,1.0,1.0,1.0,0.8,0.8,6,Head,0.0,0.0,0.0
60,6,0.8333333333333334,0.8333333333333334,0.8333333333333334,0.8333333333333334,0.8333333333333334,0.6666666666666666,24,Head,0.0,0.0,-0.1666666666666667
61,3,0.3333333333333333,0.3333333333333333,0.3333333333333333,0.3333333333333333,0.2857142857142857,0.5,11,Head,0.0,0.0,0.2142857142857143
62,8,0.625,0.75,0.625,0.75,0.6666666666666666,0.6666666666666666,29,Head,0.125,0.125,0.0
63,3,0.0,0.0,0.0,0.0,0.0,0.0,10,Head,0.0,0.0,0.0
72,2,1.0,1.0,1.0,1.0,1.0,1.0,6,Head,0.0,0.0,0.0
74,8,0.625,0.625,0.625,0.625,0.6666666666666666,0.7692307692307693,29,Head,0.0,0.0,0.1025641025641026
88,3,1.0,1.0,1.0,1.0,0.8571428571428571,0.8571428571428571,11,Head,0.0,0.0,0.0
125,3,1.0,1.0,1.0,1.0,0.8571428571428571,1.0,13,Head,0.0,0.0,0.1428571428571429
129,7,0.7142857142857143,0.7142857142857143,0.7142857142857143,0.7142857142857143,0.6666666666666666,0.7692307692307693,29,Head,0.0,0.0,0.1025641025641026
139,3,1.0,1.0,1.0,1.0,1.0,1.0,11,Head,0.0,0.0,0.0
140,2,1.0,1.0,1.0,1.0,1.0,1.0,6,Head,0.0,0.0,0.0
148,6,0.6666666666666666,0.6666666666666666,0.6666666666666666,0.6666666666666666,0.8,0.8,23,Head,0.0,0.0,0.0
166,3,1.0,1.0,1.0,1.0,1.0,0.8571428571428571,12,Head,0.0,0.0,-0.1428571428571429
176,2,1.0,1.0,1.0,1.0,1.0,0.8,5,Head,0.0,0.0,-0.1999999999999999
191,2,1.0,1.0,1.0,1.0,1.0,1.0,5,Head,0.0,0.0,0.0
193,2,1.0,1.0,1.0,1.0,1.0,0.8,6,Head,0.0,0.0,-0.1999999999999999
221,4,0.5,0.5,0.5,0.5,0.6666666666666666,0.6666666666666666,14,Head,0.0,0.0,0.0
225,72,0.9861111111111112,0.9861111111111112,0.9861111111111112,0.9861111111111112,0.9726027397260274,0.993006993006993,289,Head,0.0,0.0,0.0204042532809656
227,4,0.75,0.75,0.75,0.75,0.5,0.6,13,Head,0.0,0.0,0.0999999999999999
5,1,0.0,0.0,0.0,0.0,0.0,0.0,3,Medium,0.0,0.0,0.0
13,2,0.0,0.5,0.0,0.5,0.0,0.4,5,Medium,0.5,0.5,0.4
26,1,1.0,1.0,1.0,1.0,1.0,0.5,5,Medium,0.0,0.0,-0.5
29,1,0.0,1.0,0.0,1.0,0.0,1.0,4,Medium,1.0,1.0,1.0
45,1,1.0,1.0,1.0,1.0,1.0,1.0,3,Medium,0.0,0.0,0.0
58,1,1.0,1.0,1.0,1.0,1.0,0.6666666666666666,3,Medium,0.0,0.0,-0.3333333333333333
87,1,0.0,0.0,0.0,0.0,0.0,0.0,3,Medium,0.0,0.0,0.0
92,1,0.0,1.0,0.0,1.0,0.0,1.0,3,Medium,1.0,1.0,1.0
123,1,0.0,0.0,0.0,0.0,0.0,0.0,3,Medium,0.0,0.0,0.0
141,1,0.0,0.0,0.0,0.0,0.0,0.0,5,Medium,0.0,0.0,0.0
161,1,0.0,0.0,0.0,0.0,0.0,0.0,2,Medium,0.0,0.0,0.0
163,1,0.0,1.0,0.0,1.0,0.0,0.6666666666666666,4,Medium,1.0,1.0,0.6666666666666666
164,1,0.0,0.0,0.0,0.0,0.0,0.0,4,Medium,0.0,0.0,0.0
167,2,0.5,0.5,0.5,0.5,0.6666666666666666,0.6666666666666666,5,Medium,0.0,0.0,0.0
194,1,1.0,1.0,1.0,1.0,1.0,1.0,4,Medium,0.0,0.0,0.0
198,1,0.0,0.0,0.0,0.0,0.0,0.0,3,Medium,0.0,0.0,0.0
203,1,1.0,1.0,1.0,1.0,1.0,1.0,4,Medium,0.0,0.0,0.0
205,1,1.0,1.0,1.0,1.0,0.6666666666666666,1.0,4,Medium,0.0,0.0,0.3333333333333333
216,1,0.0,0.0,0.0,0.0,0.0,0.0,3,Medium,0.0,0.0,0.0
217,1,1.0,1.0,1.0,1.0,0.6666666666666666,1.0,2,Medium,0.0,0.0,0.3333333333333333
9,1,0.0,0.0,0.0,0.0,0.0,0.0,2,Tail,0.0,0.0,0.0
53,1,1.0,1.0,1.0,1.0,1.0,1.0,1,Tail,0.0,0.0,0.0
71,1,0.0,0.0,0.0,0.0,0.0,0.0,2,Tail,0.0,0.0,0.0
85,1,0.0,0.0,0.0,0.0,0.0,0.0,1,Tail,0.0,0.0,0.0
121,1,1.0,1.0,1.0,1.0,0.6666666666666666,1.0,2,Tail,0.0,0.0,0.3333333333333333
142,1,0.0,0.0,0.0,0.0,0.0,0.0,1,Tail,0.0,0.0,0.0
223,1,0.0,0.0,0.0,0.0,0.0,0.0,1,Tail,0.0,0.0,0.0
224,1,0.0,0.0,0.0,0.0,0.0,0.0,1,Tail,0.0,0.0,0.0
