true_sg,label_index,class_count_train,class_frequency_group,num_test_samples,accuracy_no_fls,accuracy_fls,recall_no_fls,recall_fls,f1_no_fls,f1_fls,delta_accuracy,delta_recall,delta_f1
12,11,10,Head,3,0.0,0.3333333333333333,0.0,0.3333333333333333,0.0,0.4,0.3333333333333333,0.3333333333333333,0.4
15,14,37,Head,10,0.2,0.4,0.2,0.4,0.26666666666666666,0.5,0.2,0.2,0.23333333333333334
19,18,27,Head,7,0.42857142857142855,0.5714285714285714,0.42857142857142855,0.5714285714285714,0.46153846153846156,0.47058823529411764,0.14285714285714285,0.14285714285714285,0.009049773755656076
62,61,29,Head,8,0.625,0.75,0.625,0.75,0.6666666666666666,0.6666666666666666,0.125,0.125,0.0
2,1,52,Head,13,0.5384615384615384,0.6153846153846154,0.5384615384615384,0.6153846153846154,0.4827586206896552,0.48484848484848486,0.07692307692307698,0.07692307692307698,0.0020898641588296685
4,3,14,Head,4,0.5,0.5,0.5,0.5,0.6666666666666666,0.6666666666666666,0.0,0.0,0.0
11,10,13,Head,3,1.0,1.0,1.0,1.0,1.0,0.6666666666666666,0.0,0.0,-0.33333333333333337
33,32,9,Head,3,0.3333333333333333,0.3333333333333333,0.3333333333333333,0.3333333333333333,0.4,0.5,0.0,0.0,0.09999999999999998
36,35,6,Head,2,1.0,1.0,1.0,1.0,0.8,0.8,0.0,0.0,0.0
60,59,24,Head,6,0.8333333333333334,0.8333333333333334,0.8333333333333334,0.8333333333333334,0.8333333333333334,0.6666666666666666,0.0,0.0,-0.16666666666666674
61,60,11,Head,3,0.3333333333333333,0.3333333333333333,0.3333333333333333,0.3333333333333333,0.2857142857142857,0.5,0.0,0.0,0.2142857142857143
63,62,10,Head,3,0.0,0.0,0.0,0.0,0.0,0.0,0.0,0.0,0.0
72,71,6,Head,2,1.0,1.0,1.0,1.0,1.0,1.0,0.0,0.0,0.0
74,73,29,Head,8,0.625,0.625,0.625,0.625,0.6666666666666666,0.7692307692307693,0.0,0.0,0.10256410256410264
88,87,11,Head,3,1.0,1.0,1.0,1.0,0.8571428571428571,0.8571428571428571,0.0,0.0,0.0
125,124,13,Head,3,1.0,1.0,1.0,1.0,0.8571428571428571,1.0,0.0,0.0,0.1428571428571429
129,128,29,Head,7,0.7142857142857143,0.7142857142857143,0.7142857142857143,0.7142857142857143,0.6666666666666666,0.7692307692307693,0.0,0.0,0.10256410256410264
139,138,11,Head,3,1.0,1.0,1.0,1.0,1.0,1.0,0.0,0.0,0.0
140,139,6,Head,2,1.0,1.0,1.0,1.0,1.0,1.0,0.0,0.0,0.0
148,147,23,Head,6,0.6666666666666666,0.6666666666666666,0.6666666666666666,0.6666666666666666,0.8,0.8,0.0,0.0,0.0
166,165,12,Head,3,1.0,1.0,1.0,1.0,1.0,0.8571428571428571,0.0,0.0,-0.1428571428571429
176,175,5,Head,2,1.0,1.0,1.0,1.0,1.0,0.8,0.0,0.0,-0.19999999999999996
191,190,5,Head,2,1.0,1.0,1.0,1.0,1.0,1.0,0.0,0.0,0.0
193,192,6,Head,2,1.0,1.0,1.0,1.0,1.0,0.8,0.0,0.0,-0.19999999999999996
221,220,14,Head,4,0.5,0.5,0.5,0.5,0.6666666666666666,0.6666666666666666,0.0,0.0,0.0
225,224,289,Head,72,0.9861111111111112,0.9861111111111112,0.9861111111111112,0.9861111111111112,0.9726027397260274,0.993006993006993,0.0,0.0,0.020404253280965623
227,226,13,Head,4,0.75,0.75,0.75,0.75,0.5,0.6,0.0,0.0,0.09999999999999998
14,13,109,Head,27,0.6296296296296297,0.5555555555555556,0.6296296296296297,0.5555555555555556,0.5573770491803278,0.5660377358490566,-0.07407407407407407,-0.07407407407407407,0.008660686668728768
29,28,4,Medium,1,0.0,1.0,0.0,1.0,0.0,1.0,1.0,1.0,1.0
92,91,3,Medium,1,0.0,1.0,0.0,1.0,0.0,1.0,1.0,1.0,1.0
163,162,4,Medium,1,0.0,1.0,0.0,1.0,0.0,0.6666666666666666,1.0,1.0,0.6666666666666666
13,12,5,Medium,2,0.0,0.5,0.0,0.5,0.0,0.4,0.5,0.5,0.4
5,4,3,Medium,1,0.0,0.0,0.0,0.0,0.0,0.0,0.0,0.0,0.0
26,25,5,Medium,1,1.0,1.0,1.0,1.0,1.0,0.5,0.0,0.0,-0.5
45,44,3,Medium,1,1.0,1.0,1.0,1.0,1.0,1.0,0.0,0.0,0.0
58,57,3,Medium,1,1.0,1.0,1.0,1.0,1.0,0.6666666666666666,0.0,0.0,-0.33333333333333337
87,86,3,Medium,1,0.0,0.0,0.0,0.0,0.0,0.0,0.0,0.0,0.0
123,122,3,Medium,1,0.0,0.0,0.0,0.0,0.0,0.0,0.0,0.0,0.0
141,140,5,Medium,1,0.0,0.0,0.0,0.0,0.0,0.0,0.0,0.0,0.0
161,160,2,Medium,1,0.0,0.0,0.0,0.0,0.0,0.0,0.0,0.0,0.0
164,163,4,Medium,1,0.0,0.0,0.0,0.0,0.0,0.0,0.0,0.0,0.0
167,166,5,Medium,2,0.5,0.5,0.5,0.5,0.6666666666666666,0.6666666666666666,0.0,0.0,0.0
194,193,4,Medium,1,1.0,1.0,1.0,1.0,1.0,1.0,0.0,0.0,0.0
198,197,3,Medium,1,0.0,0.0,0.0,0.0,0.0,0.0,0.0,0.0,0.0
203,202,4,Medium,1,1.0,1.0,1.0,1.0,1.0,1.0,0.0,0.0,0.0
205,204,4,Medium,1,1.0,1.0,1.0,1.0,0.6666666666666666,1.0,0.0,0.0,0.33333333333333337
216,215,3,Medium,1,0.0,0.0,0.0,0.0,0.0,0.0,0.0,0.0,0.0
217,216,2,Medium,1,1.0,1.0,1.0,1.0,0.6666666666666666,1.0,0.0,0.0,0.33333333333333337
9,8,2,Tail,1,0.0,0.0,0.0,0.0,0.0,0.0,0.0,0.0,0.0
53,52,1,Tail,1,1.0,1.0,1.0,1.0,1.0,1.0,0.0,0.0,0.0
71,70,2,Tail,1,0.0,0.0,0.0,0.0,0.0,0.0,0.0,0.0,0.0
85,84,1,Tail,1,0.0,0.0,0.0,0.0,0.0,0.0,0.0,0.0,0.0
121,120,2,Tail,1,1.0,1.0,1.0,1.0,0.6666666666666666,1.0,0.0,0.0,0.33333333333333337
142,141,1,Tail,1,0.0,0.0,0.0,0.0,0.0,0.0,0.0,0.0,0.0
223,222,1,Tail,1,0.0,0.0,0.0,0.0,0.0,0.0,0.0,0.0,0.0
224,223,1,Tail,1,0.0,0.0,0.0,0.0,0.0,0.0,0.0,0.0,0.0
