model_config,checkpoint_found,prediction_found,training_log_found,train_dataset,eval_dataset,metrics_available,needs_inference,needs_training,notes
CNN only,yes,yes,yes,opXRD experiment_xrd.npz likely,raw 239-sample split,"corrected mapping: Accuracy 63.6%, Weighted F1 62.3%; corrected per-sample metrics in revision_outputs/metrics/basic_metrics_corrected_ablation_mapping.csv",no,no,"User corrected ablation 1 to this configuration. Inference output: revision_outputs/predictions/corrected_ablation_mapping/ablation1_cnn_only_opxrd/. Uses training_results/ablation/ablation1_model.pth with 12160-dimensional xrd_only classifier; gate_weight is NA. Separate NoPoolCNN baseline checkpoint still exists at training_results/baseline_results/exp_cnn_model.pth but is not the corrected ablation1 artifact."
Peaks only / MLP branch only,no,no,no,unknown,unknown,no,yes,yes,"No checkpoint found for a peak-descriptor-only MLP. models/MLP.py uses the raw XRD vector, not HybridFeatureDataset physical_features only."
CNN + Augmentation,yes,yes,yes,opXRD experiment_xrd.npz likely,legacy augmented 245-sample split,"corrected mapping: Accuracy 65.7%, Weighted F1 64.7%; corrected per-sample metrics in revision_outputs/metrics/basic_metrics_corrected_ablation_mapping.csv",no,no,"User corrected ablation 2 to this configuration. Inference output: revision_outputs/predictions/corrected_ablation_mapping/ablation2_cnn_augmentation_opxrd/. Uses training_results/ablation/ablation2_model.pth with 12160-dimensional xrd_only classifier on regenerated legacy augmented test data; gate_weight is NA."
"CNN + Augmentation + FLS, no peak branch",no,no,no,unknown,unknown,no,yes,yes,"FocalLossWithLabelSmoothing exists and finetune.py uses it, but no saved no-peak FLS checkpoint/log matching this ablation was found."
"CNN + Peaks, no augmentation, concat",no,no,no,unknown,unknown,no,yes,yes,"No no-augmentation concat fusion checkpoint found. The user-provided ablation mapping covers CNN + Augmentation + Peaks (Concat), not this requested no-augmentation row."
"CNN + Peaks (Gate), no augmentation",uncertain,no,uncertain,unknown,unknown,aggregate metrics may exist but no no-augmentation proof,yes,yes,"Ablation checkpoints ablation1-4 all contain PhyNetCNN gate keys, but train.py applies label-level one-shot augmentation before split; no no-augmentation protocol is documented."
"CNN + Augmentation + Peaks, concat",yes,yes,yes,opXRD experiment_xrd.npz likely,legacy augmented 245-sample split,"corrected mapping: Accuracy 66.5%, Weighted F1 66.4%; corrected per-sample metrics in revision_outputs/metrics/basic_metrics_corrected_ablation_mapping.csv",no,no,"User corrected ablation 3 to this configuration. Inference output: revision_outputs/predictions/corrected_ablation_mapping/ablation3_cnn_aug_peaks_concat_opxrd/. Uses training_results/ablation/ablation3_model.pth with explicit concat fusion, so gate_weight is NA even though the checkpoint contains gating_network parameters."
CNN + Augmentation + Peaks (Gate),yes,yes,yes,opXRD experiment_xrd.npz likely,legacy augmented 245-sample split,"corrected mapping: Accuracy 69.0%, Weighted F1 67.9%; corrected per-sample metrics in revision_outputs/metrics/basic_metrics_corrected_ablation_mapping.csv",no,no,"User corrected ablation 4 to this configuration. Inference output: revision_outputs/predictions/corrected_ablation_mapping/ablation4_cnn_aug_peaks_gate_opxrd/. Uses training_results/ablation/ablation4_model.pth with gate fusion; gate_weight is available."
CNN + Augmentation + Peaks (Gate) + FLS,no,no,no,unknown,unknown,no,yes,yes,"No longer part of the corrected ablation1-4 mapping. A gate+FLS checkpoint/run record is still needed separately if the revision requires this row."
