sample_id,dataset,model_name,checkpoint_path,fusion_mode,training_augmentation,peak_branch,fls_status,evaluation_split,index,true_label,pred_label,true_sg,pred_sg,true_crystal_system,pred_crystal_system,symmetry_level,correct,top1_label,top1_prob,top2_label,top2_prob,top3_label,top3_prob,top3_hit,predictive_entropy,normalized_predictive_entropy,max_probability,gate_weight,gate_mean,gate_median,gate_std
opxrd_10,opxrd,cnn_peaks_gate_no_aug,revision_outputs/missing_ablation_training/cnn_peaks_gate_no_aug/best_checkpoint.pth,gate,no,enabled,no_fls,raw 239 split,10,147,1,148,2,trigonal,triclinic,Medium symmetry,False,1,0.9644461274147034,17,0.025114085525274277,13,0.005370943807065487,False,0.19280887979734848,0.035455326935187145,0.9644461274147034,0.9949162006378174,0.9949162006378174,0.9949162006378174,0.0
opxrd_23,opxrd,cnn_peaks_gate_no_aug,revision_outputs/missing_ablation_training/cnn_peaks_gate_no_aug/best_checkpoint.pth,gate,no,enabled,no_fls,raw 239 split,23,59,59,60,60,orthorhombic,orthorhombic,Low symmetry,True,59,0.9998989105224609,223,7.771669334033504e-05,60,1.4455496057053097e-05,True,0.0011151505562724323,0.00020506331241668585,0.9998989105224609,0.9914510846138,0.9914510846138,0.9914510846138,0.0
opxrd_31,opxrd,cnn_peaks_gate_no_aug,revision_outputs/missing_ablation_training/cnn_peaks_gate_no_aug/best_checkpoint.pth,gate,no,enabled,no_fls,raw 239 split,31,14,140,15,141,monoclinic,tetragonal,Low symmetry,False,140,0.11786314845085144,87,0.08218446373939514,128,0.07577589899301529,False,3.616895653497198,0.6651053520978139,0.11786314845085144,0.950722873210907,0.950722873210907,0.950722873210907,0.0
opxrd_43,opxrd,cnn_peaks_gate_no_aug,revision_outputs/missing_ablation_training/cnn_peaks_gate_no_aug/best_checkpoint.pth,gate,no,enabled,no_fls,raw 239 split,43,61,61,62,62,orthorhombic,orthorhombic,Low symmetry,True,61,0.9941709637641907,62,0.005430955905467272,165,0.00013359123840928078,True,0.03798416639867103,0.006984849657551675,0.9941709637641907,0.9689329862594604,0.9689329862594604,0.9689329862594604,0.0
opxrd_44,opxrd,cnn_peaks_gate_no_aug,revision_outputs/missing_ablation_training/cnn_peaks_gate_no_aug/best_checkpoint.pth,gate,no,enabled,no_fls,raw 239 split,44,13,18,14,19,monoclinic,orthorhombic,Low symmetry,False,18,0.5602485537528992,12,0.13714388012886047,13,0.11296296119689941,True,1.5360425879944493,0.28246049767497855,0.5602485537528992,0.9660243988037109,0.9660243988037109,0.9660243988037109,0.0
opxrd_49,opxrd,cnn_peaks_gate_no_aug,revision_outputs/missing_ablation_training/cnn_peaks_gate_no_aug/best_checkpoint.pth,gate,no,enabled,no_fls,raw 239 split,49,25,25,26,26,orthorhombic,orthorhombic,Low symmetry,True,25,0.9981441497802734,12,0.0007553041796199977,13,0.0003345610748510808,True,0.017407152975831473,0.0032009744593589416,0.9981441497802734,0.9753586053848267,0.9753586053848267,0.9753586053848267,0.0
opxrd_51,opxrd,cnn_peaks_gate_no_aug,revision_outputs/missing_ablation_training/cnn_peaks_gate_no_aug/best_checkpoint.pth,gate,no,enabled,no_fls,raw 239 split,51,10,141,11,142,monoclinic,tetragonal,Low symmetry,False,141,0.19452327489852905,11,0.18288859724998474,32,0.17807221412658691,False,2.6352957059449196,0.4846004547268619,0.19452327489852905,0.9892904162406921,0.9892904162406921,0.9892904162406921,0.0
opxrd_54,opxrd,cnn_peaks_gate_no_aug,revision_outputs/missing_ablation_training/cnn_peaks_gate_no_aug/best_checkpoint.pth,gate,no,enabled,no_fls,raw 239 split,54,1,13,2,14,triclinic,monoclinic,Low symmetry,False,13,0.7297832369804382,28,0.16341662406921387,60,0.047569796442985535,False,0.953980398406054,0.17542598116226324,0.7297832369804382,0.9971010088920593,0.9971010088920593,0.9971010088920593,0.0
opxrd_56,opxrd,cnn_peaks_gate_no_aug,revision_outputs/missing_ablation_training/cnn_peaks_gate_no_aug/best_checkpoint.pth,gate,no,enabled,no_fls,raw 239 split,56,128,128,129,129,tetragonal,tetragonal,Medium symmetry,True,128,0.9999973773956299,1,1.7595629060451756e-06,32,6.25557845523872e-07,True,4.064080394912829e-05,7.473374631083792e-06,0.9999973773956299,0.9900336861610413,0.9900336861610413,0.9900336861610413,0.0
opxrd_58,opxrd,cnn_peaks_gate_no_aug,revision_outputs/missing_ablation_training/cnn_peaks_gate_no_aug/best_checkpoint.pth,gate,no,enabled,no_fls,raw 239 split,58,198,198,199,199,cubic,cubic,High symmetry,True,198,0.8939180374145508,145,0.07099977880716324,4,0.011682210490107536,True,0.4775509037562971,0.08781609767490829,0.8939180374145508,0.8427191972732544,0.8427191972732544,0.8427191972732544,0.0
opxrd_59,opxrd,cnn_peaks_gate_no_aug,revision_outputs/missing_ablation_training/cnn_peaks_gate_no_aug/best_checkpoint.pth,gate,no,enabled,no_fls,raw 239 split,59,1,1,2,2,triclinic,triclinic,Low symmetry,True,1,0.9999866485595703,18,1.3280830899020657e-05,204,3.942452764249538e-08,True,0.0001645946655955675,3.0267058688439613e-05,0.9999866485595703,0.9854375123977661,0.9854375123977661,0.9854375123977661,0.0
opxrd_70,opxrd,cnn_peaks_gate_no_aug,revision_outputs/missing_ablation_training/cnn_peaks_gate_no_aug/best_checkpoint.pth,gate,no,enabled,no_fls,raw 239 split,70,32,18,33,19,orthorhombic,orthorhombic,Low symmetry,False,18,0.9873684048652649,1,0.012321876361966133,12,0.00025083465152420104,False,0.06950996120370177,0.012782079343647081,0.9873684048652649,0.9827515482902527,0.9827515482902527,0.9827515482902527,0.0
opxrd_76,opxrd,cnn_peaks_gate_no_aug,revision_outputs/missing_ablation_training/cnn_peaks_gate_no_aug/best_checkpoint.pth,gate,no,enabled,no_fls,raw 239 split,76,128,128,129,129,tetragonal,tetragonal,Medium symmetry,True,128,0.9999344348907471,87,1.5376490409835242e-05,1,1.3597204997495282e-05,True,0.000858862714179186,0.00015793493720657985,0.9999344348907471,0.9824992418289185,0.9824992418289185,0.9824992418289185,0.0
opxrd_78,opxrd,cnn_peaks_gate_no_aug,revision_outputs/missing_ablation_training/cnn_peaks_gate_no_aug/best_checkpoint.pth,gate,no,enabled,no_fls,raw 239 split,78,220,61,221,62,cubic,orthorhombic,High symmetry,False,61,0.6669152975082397,13,0.06407097727060318,224,0.05600631609559059,False,1.607410495367233,0.2955842318683505,0.6669152975082397,0.9401034712791443,0.9401034712791443,0.9401034712791443,0.0
opxrd_81,opxrd,cnn_peaks_gate_no_aug,revision_outputs/missing_ablation_training/cnn_peaks_gate_no_aug/best_checkpoint.pth,gate,no,enabled,no_fls,raw 239 split,81,147,147,148,148,trigonal,trigonal,Medium symmetry,True,147,0.9999364614486694,44,4.4719748984789476e-05,174,7.604694928886602e-06,True,0.0007464462962266548,0.00013726285583989762,0.9999364614486694,0.9977346658706665,0.9977346658706665,0.9977346658706665,0.0
opxrd_83,opxrd,cnn_peaks_gate_no_aug,revision_outputs/missing_ablation_training/cnn_peaks_gate_no_aug/best_checkpoint.pth,gate,no,enabled,no_fls,raw 239 split,83,1,18,2,19,triclinic,orthorhombic,Low symmetry,False,18,0.9830489158630371,13,0.004127105697989464,35,0.0038286023773252964,False,0.12445010575609197,0.022884937619774174,0.9830489158630371,0.9889410138130188,0.9889410138130188,0.9889410138130188,0.0
opxrd_86,opxrd,cnn_peaks_gate_no_aug,revision_outputs/missing_ablation_training/cnn_peaks_gate_no_aug/best_checkpoint.pth,gate,no,enabled,no_fls,raw 239 split,86,14,1,15,2,monoclinic,triclinic,Low symmetry,False,1,0.2588837742805481,32,0.14897972345352173,163,0.12297412008047104,False,2.4575448502075794,0.4519141245650944,0.2588837742805481,0.9731827974319458,0.9731827974319458,0.9731827974319458,0.0
opxrd_88,opxrd,cnn_peaks_gate_no_aug,revision_outputs/missing_ablation_training/cnn_peaks_gate_no_aug/best_checkpoint.pth,gate,no,enabled,no_fls,raw 239 split,88,59,61,60,62,orthorhombic,orthorhombic,Low symmetry,False,61,0.8872311115264893,165,0.09612235426902771,1,0.007231459487229586,False,0.42255620921215503,0.0777032082851006,0.8872311115264893,0.986436665058136,0.986436665058136,0.986436665058136,0.0
opxrd_96,opxrd,cnn_peaks_gate_no_aug,revision_outputs/missing_ablation_training/cnn_peaks_gate_no_aug/best_checkpoint.pth,gate,no,enabled,no_fls,raw 239 split,96,160,160,161,161,trigonal,trigonal,Medium symmetry,True,160,0.9816849827766418,1,0.00405003922060132,2,0.0035616408567875624,True,0.1391105124810345,0.025580817155934427,0.9816849827766418,0.9963232278823853,0.9963232278823853,0.9963232278823853,0.0
opxrd_101,opxrd,cnn_peaks_gate_no_aug,revision_outputs/missing_ablation_training/cnn_peaks_gate_no_aug/best_checkpoint.pth,gate,no,enabled,no_fls,raw 239 split,101,73,73,74,74,orthorhombic,orthorhombic,Low symmetry,True,73,0.9956910014152527,14,0.0032719061709940434,175,0.0002915280929300934,True,0.03290957434790867,0.006051690767714301,0.9956910014152527,0.6002997756004333,0.6002997756004333,0.6002997756004333,0.0
opxrd_107,opxrd,cnn_peaks_gate_no_aug,revision_outputs/missing_ablation_training/cnn_peaks_gate_no_aug/best_checkpoint.pth,gate,no,enabled,no_fls,raw 239 split,107,87,87,88,88,tetragonal,tetragonal,Medium symmetry,True,87,0.9911064505577087,147,0.005388063378632069,14,0.0015838172985240817,True,0.06375823354524958,0.011724403033370705,0.9911064505577087,0.9171751737594604,0.9171751737594604,0.9171751737594604,0.0
opxrd_109,opxrd,cnn_peaks_gate_no_aug,revision_outputs/missing_ablation_training/cnn_peaks_gate_no_aug/best_checkpoint.pth,gate,no,enabled,no_fls,raw 239 split,109,14,14,15,15,monoclinic,monoclinic,Low symmetry,True,14,0.39003175497055054,147,0.15387213230133057,200,0.07312556356191635,True,2.5426340512352823,0.4675610462435043,0.39003175497055054,0.965179979801178,0.965179979801178,0.965179979801178,0.0
opxrd_113,opxrd,cnn_peaks_gate_no_aug,revision_outputs/missing_ablation_training/cnn_peaks_gate_no_aug/best_checkpoint.pth,gate,no,enabled,no_fls,raw 239 split,113,14,14,15,15,monoclinic,monoclinic,Low symmetry,True,14,0.5560070276260376,73,0.24586132168769836,220,0.02918207459151745,True,1.6998912216663684,0.3125903697059113,0.5560070276260376,0.5632896423339844,0.5632896423339844,0.5632896423339844,0.0
opxrd_128,opxrd,cnn_peaks_gate_no_aug,revision_outputs/missing_ablation_training/cnn_peaks_gate_no_aug/best_checkpoint.pth,gate,no,enabled,no_fls,raw 239 split,128,161,11,162,12,trigonal,monoclinic,Medium symmetry,False,11,0.7038242220878601,12,0.0740131214261055,13,0.044207219034433365,False,1.4512787408846677,0.26687340482572663,0.7038242220878601,0.9909701347351074,0.9909701347351074,0.9909701347351074,0.0
opxrd_129,opxrd,cnn_peaks_gate_no_aug,revision_outputs/missing_ablation_training/cnn_peaks_gate_no_aug/best_checkpoint.pth,gate,no,enabled,no_fls,raw 239 split,129,73,73,74,74,orthorhombic,orthorhombic,Low symmetry,True,73,0.9999967813491821,175,2.0544775907183066e-06,14,6.356577273436415e-07,True,4.8405177379531956e-05,8.901153261980792e-06,0.9999967813491821,0.8539665341377258,0.8539665341377258,0.8539665341377258,0.0
opxrd_135,opxrd,cnn_peaks_gate_no_aug,revision_outputs/missing_ablation_training/cnn_peaks_gate_no_aug/best_checkpoint.pth,gate,no,enabled,no_fls,raw 239 split,135,13,18,14,19,monoclinic,orthorhombic,Low symmetry,False,18,0.9253779053688049,1,0.07439614087343216,60,6.578691682079807e-05,False,0.26756430859005875,0.04920198720732517,0.9253779053688049,0.9987527132034302,0.9987527132034302,0.9987527132034302,0.0
opxrd_140,opxrd,cnn_peaks_gate_no_aug,revision_outputs/missing_ablation_training/cnn_peaks_gate_no_aug/best_checkpoint.pth,gate,no,enabled,no_fls,raw 239 split,140,147,13,148,14,trigonal,monoclinic,Medium symmetry,False,13,0.9999309778213501,18,4.179696770734154e-05,32,1.719906140351668e-05,False,0.0008064192560696898,0.00014829119074200674,0.9999309778213501,0.909415066242218,0.909415066242218,0.909415066242218,0.0
opxrd_155,opxrd,cnn_peaks_gate_no_aug,revision_outputs/missing_ablation_training/cnn_peaks_gate_no_aug/best_checkpoint.pth,gate,no,enabled,no_fls,raw 239 split,155,59,59,60,60,orthorhombic,orthorhombic,Low symmetry,True,59,0.9999603033065796,223,2.788013625831809e-05,60,6.5831350184453186e-06,True,0.0004827162211299464,8.876593990416259e-05,0.9999603033065796,0.98915034532547,0.98915034532547,0.98915034532547,0.0
opxrd_156,opxrd,cnn_peaks_gate_no_aug,revision_outputs/missing_ablation_training/cnn_peaks_gate_no_aug/best_checkpoint.pth,gate,no,enabled,no_fls,raw 239 split,156,3,3,4,4,monoclinic,monoclinic,Low symmetry,True,3,0.9145188331604004,163,0.08161324262619019,13,0.0027054506354033947,True,0.3119401078662637,0.057362184356967674,0.9145188331604004,0.8248261213302612,0.8248261213302612,0.8248261213302612,0.0
opxrd_158,opxrd,cnn_peaks_gate_no_aug,revision_outputs/missing_ablation_training/cnn_peaks_gate_no_aug/best_checkpoint.pth,gate,no,enabled,no_fls,raw 239 split,158,61,61,62,62,orthorhombic,orthorhombic,Low symmetry,True,61,0.9728602170944214,62,0.016607072204351425,175,0.0037584297824651003,True,0.16653967397640243,0.030624723273736013,0.9728602170944214,0.9045688509941101,0.9045688509941101,0.9045688509941101,0.0
opxrd_163,opxrd,cnn_peaks_gate_no_aug,revision_outputs/missing_ablation_training/cnn_peaks_gate_no_aug/best_checkpoint.pth,gate,no,enabled,no_fls,raw 239 split,163,61,13,62,14,orthorhombic,monoclinic,Low symmetry,False,13,0.7134632468223572,18,0.07134907692670822,59,0.06456146389245987,False,1.33563677337352,0.24560818213554003,0.7134632468223572,0.9946757555007935,0.9946757555007935,0.9946757555007935,0.0
opxrd_168,opxrd,cnn_peaks_gate_no_aug,revision_outputs/missing_ablation_training/cnn_peaks_gate_no_aug/best_checkpoint.pth,gate,no,enabled,no_fls,raw 239 split,168,226,226,227,227,cubic,cubic,High symmetry,True,226,0.5453169345855713,61,0.38736945390701294,30,0.018032018095254898,True,1.047244741428105,0.19257621706798386,0.5453169345855713,0.9579083323478699,0.9579083323478699,0.9579083323478699,0.0
opxrd_170,opxrd,cnn_peaks_gate_no_aug,revision_outputs/missing_ablation_training/cnn_peaks_gate_no_aug/best_checkpoint.pth,gate,no,enabled,no_fls,raw 239 split,170,59,59,60,60,orthorhombic,orthorhombic,Low symmetry,True,59,0.9996084570884705,223,0.00029867992270737886,60,6.166812090668827e-05,True,0.003782761648592605,0.0006956061936032405,0.9996084570884705,0.9920266270637512,0.9920266270637512,0.9920266270637512,0.0
opxrd_174,opxrd,cnn_peaks_gate_no_aug,revision_outputs/missing_ablation_training/cnn_peaks_gate_no_aug/best_checkpoint.pth,gate,no,enabled,no_fls,raw 239 split,174,197,163,198,164,cubic,trigonal,High symmetry,False,163,0.5077199935913086,18,0.42071300745010376,3,0.05603891983628273,False,0.961584336385152,0.17682425756595982,0.5077199935913086,0.9231622219085693,0.9231622219085693,0.9231622219085693,0.0
opxrd_178,opxrd,cnn_peaks_gate_no_aug,revision_outputs/missing_ablation_training/cnn_peaks_gate_no_aug/best_checkpoint.pth,gate,no,enabled,no_fls,raw 239 split,178,192,192,193,193,hexagonal,hexagonal,Medium symmetry,True,192,0.8060232996940613,62,0.03723415359854698,61,0.01983359083533287,True,1.1074092967267712,0.2036397841623335,0.8060232996940613,0.9425445795059204,0.9425445795059204,0.9425445795059204,0.0
opxrd_184,opxrd,cnn_peaks_gate_no_aug,revision_outputs/missing_ablation_training/cnn_peaks_gate_no_aug/best_checkpoint.pth,gate,no,enabled,no_fls,raw 239 split,184,13,13,14,14,monoclinic,monoclinic,Low symmetry,True,13,0.9980766773223877,18,0.0014989228220656514,163,0.00023955812503118068,True,0.015486198581463672,0.0028477331244604674,0.9980766773223877,0.9086205959320068,0.9086205959320068,0.9086205959320068,0.0
opxrd_192,opxrd,cnn_peaks_gate_no_aug,revision_outputs/missing_ablation_training/cnn_peaks_gate_no_aug/best_checkpoint.pth,gate,no,enabled,no_fls,raw 239 split,192,10,10,11,11,monoclinic,monoclinic,Low symmetry,True,10,0.9996628761291504,59,0.00020348319958429784,1,8.696410077391192e-05,True,0.0034410448022240366,0.0006327684108206588,0.9996628761291504,0.9840375185012817,0.9840375185012817,0.9840375185012817,0.0
opxrd_198,opxrd,cnn_peaks_gate_no_aug,revision_outputs/missing_ablation_training/cnn_peaks_gate_no_aug/best_checkpoint.pth,gate,no,enabled,no_fls,raw 239 split,198,61,163,62,164,orthorhombic,trigonal,Low symmetry,False,163,0.23121169209480286,87,0.19771209359169006,4,0.1942477822303772,False,1.9147160548294606,0.3520941762816249,0.23121169209480286,0.8273431062698364,0.8273431062698364,0.8273431062698364,0.0
opxrd_199,opxrd,cnn_peaks_gate_no_aug,revision_outputs/missing_ablation_training/cnn_peaks_gate_no_aug/best_checkpoint.pth,gate,no,enabled,no_fls,raw 239 split,199,18,1,19,2,orthorhombic,triclinic,Low symmetry,False,1,0.8786225318908691,18,0.022837961092591286,3,0.01851109229028225,True,0.6991335007699981,0.12856257900152523,0.8786225318908691,0.9792479276657104,0.9792479276657104,0.9792479276657104,0.0
opxrd_208,opxrd,cnn_peaks_gate_no_aug,revision_outputs/missing_ablation_training/cnn_peaks_gate_no_aug/best_checkpoint.pth,gate,no,enabled,no_fls,raw 239 split,208,18,60,19,61,orthorhombic,orthorhombic,Low symmetry,False,60,0.9722750186920166,3,0.012830052524805069,63,0.002995833056047559,False,0.18561340768419418,0.034132162688327514,0.9722750186920166,0.9774709939956665,0.9774709939956665,0.9774709939956665,0.0
opxrd_209,opxrd,cnn_peaks_gate_no_aug,revision_outputs/missing_ablation_training/cnn_peaks_gate_no_aug/best_checkpoint.pth,gate,no,enabled,no_fls,raw 239 split,209,73,73,74,74,orthorhombic,orthorhombic,Low symmetry,True,73,0.9959492683410645,14,0.0030523804016411304,175,0.0002898826787713915,True,0.03125563337351978,0.005747550117967804,0.9959492683410645,0.5986820459365845,0.5986820459365845,0.5986820459365845,0.0
opxrd_210,opxrd,cnn_peaks_gate_no_aug,revision_outputs/missing_ablation_training/cnn_peaks_gate_no_aug/best_checkpoint.pth,gate,no,enabled,no_fls,raw 239 split,210,138,138,139,139,tetragonal,tetragonal,Medium symmetry,True,138,0.9859634041786194,61,0.009012984111905098,62,0.0005908365710638463,True,0.09793479046565845,0.018009077268321544,0.9859634041786194,0.9276730418205261,0.9276730418205261,0.9276730418205261,0.0
opxrd_218,opxrd,cnn_peaks_gate_no_aug,revision_outputs/missing_ablation_training/cnn_peaks_gate_no_aug/best_checkpoint.pth,gate,no,enabled,no_fls,raw 239 split,218,147,163,148,164,trigonal,trigonal,Medium symmetry,False,163,0.34602150321006775,3,0.15589171648025513,141,0.14706966280937195,False,2.1950578778156533,0.40364580086462565,0.34602150321006775,0.8649202585220337,0.8649202585220337,0.8649202585220337,0.0
opxrd_220,opxrd,cnn_peaks_gate_no_aug,revision_outputs/missing_ablation_training/cnn_peaks_gate_no_aug/best_checkpoint.pth,gate,no,enabled,no_fls,raw 239 split,220,165,1,166,2,trigonal,triclinic,Medium symmetry,False,1,0.7771555185317993,128,0.10836034268140793,32,0.041745375841856,False,0.9742309012492645,0.17914981483456405,0.7771555185317993,0.9417794942855835,0.9417794942855835,0.9417794942855835,0.0
opxrd_231,opxrd,cnn_peaks_gate_no_aug,revision_outputs/missing_ablation_training/cnn_peaks_gate_no_aug/best_checkpoint.pth,gate,no,enabled,no_fls,raw 239 split,231,3,3,4,4,monoclinic,monoclinic,Low symmetry,True,3,0.9905129075050354,1,0.004748072475194931,60,0.0026924582198262215,True,0.06668369101034657,0.012262360885566183,0.9905129075050354,0.991378664970398,0.991378664970398,0.991378664970398,0.0
opxrd_233,opxrd,cnn_peaks_gate_no_aug,revision_outputs/missing_ablation_training/cnn_peaks_gate_no_aug/best_checkpoint.pth,gate,no,enabled,no_fls,raw 239 split,233,60,60,61,61,orthorhombic,orthorhombic,Low symmetry,True,60,0.4089166224002838,25,0.1528560221195221,192,0.0797727108001709,True,2.225293270939728,0.40920574057982295,0.4089166224002838,0.9679660797119141,0.9679660797119141,0.9679660797119141,0.0
opxrd_240,opxrd,cnn_peaks_gate_no_aug,revision_outputs/missing_ablation_training/cnn_peaks_gate_no_aug/best_checkpoint.pth,gate,no,enabled,no_fls,raw 239 split,240,1,1,2,2,triclinic,triclinic,Low symmetry,True,1,0.3309789001941681,136,0.29358384013175964,220,0.28718799352645874,True,1.5708991582680025,0.2888702185145327,0.3309789001941681,0.9530012011528015,0.9530012011528015,0.9530012011528015,0.0
opxrd_243,opxrd,cnn_peaks_gate_no_aug,revision_outputs/missing_ablation_training/cnn_peaks_gate_no_aug/best_checkpoint.pth,gate,no,enabled,no_fls,raw 239 split,243,73,73,74,74,orthorhombic,orthorhombic,Low symmetry,True,73,0.999992847442627,175,3.350206270624767e-06,14,2.2169265321281273e-06,True,0.00010249653051322053,1.8847928595862287e-05,0.999992847442627,0.8077041506767273,0.8077041506767273,0.8077041506767273,0.0
opxrd_244,opxrd,cnn_peaks_gate_no_aug,revision_outputs/missing_ablation_training/cnn_peaks_gate_no_aug/best_checkpoint.pth,gate,no,enabled,no_fls,raw 239 split,244,28,1,29,2,orthorhombic,triclinic,Low symmetry,False,1,0.71705561876297,13,0.15009351074695587,63,0.0627516433596611,False,1.0670267547968053,0.19621390093483013,0.71705561876297,0.9916954636573792,0.9916954636573792,0.9916954636573792,0.0
opxrd_247,opxrd,cnn_peaks_gate_no_aug,revision_outputs/missing_ablation_training/cnn_peaks_gate_no_aug/best_checkpoint.pth,gate,no,enabled,no_fls,raw 239 split,247,18,18,19,19,orthorhombic,orthorhombic,Low symmetry,True,18,0.8621615171432495,13,0.05935252457857132,1,0.0374579094350338,True,0.6473261484792155,0.11903580505290458,0.8621615171432495,0.9851345419883728,0.9851345419883728,0.9851345419883728,0.0
opxrd_260,opxrd,cnn_peaks_gate_no_aug,revision_outputs/missing_ablation_training/cnn_peaks_gate_no_aug/best_checkpoint.pth,gate,no,enabled,no_fls,raw 239 split,260,147,147,148,148,trigonal,trigonal,Medium symmetry,True,147,0.9999972581863403,174,1.0251914090986247e-06,160,8.175566108548082e-07,True,4.28004731688137e-05,7.870512866295196e-06,0.9999972581863403,0.9879756569862366,0.9879756569862366,0.9879756569862366,0.0
opxrd_265,opxrd,cnn_peaks_gate_no_aug,revision_outputs/missing_ablation_training/cnn_peaks_gate_no_aug/best_checkpoint.pth,gate,no,enabled,no_fls,raw 239 split,265,165,165,166,166,trigonal,trigonal,Medium symmetry,True,165,0.9788436889648438,1,0.009770072996616364,61,0.005221420433372259,True,0.13612155030850406,0.02503118152123047,0.9788436889648438,0.9877745509147644,0.9877745509147644,0.9877745509147644,0.0
opxrd_266,opxrd,cnn_peaks_gate_no_aug,revision_outputs/missing_ablation_training/cnn_peaks_gate_no_aug/best_checkpoint.pth,gate,no,enabled,no_fls,raw 239 split,266,140,140,141,141,tetragonal,tetragonal,Medium symmetry,True,140,0.9980960488319397,220,0.0012113014236092567,224,0.00041361484909430146,True,0.016302490705343026,0.002997839821606264,0.9980960488319397,0.9903357028961182,0.9903357028961182,0.9903357028961182,0.0
opxrd_270,opxrd,cnn_peaks_gate_no_aug,revision_outputs/missing_ablation_training/cnn_peaks_gate_no_aug/best_checkpoint.pth,gate,no,enabled,no_fls,raw 239 split,270,13,13,14,14,monoclinic,monoclinic,Low symmetry,True,13,0.9685196280479431,163,0.0076692597940564156,1,0.007001427933573723,True,0.19645451099726602,0.036125716422507705,0.9685196280479431,0.6024051308631897,0.6024051308631897,0.6024051308631897,0.0
opxrd_274,opxrd,cnn_peaks_gate_no_aug,revision_outputs/missing_ablation_training/cnn_peaks_gate_no_aug/best_checkpoint.pth,gate,no,enabled,no_fls,raw 239 split,274,163,61,164,62,trigonal,orthorhombic,Medium symmetry,False,61,0.8977949619293213,138,0.03762054070830345,64,0.017961131408810616,False,0.5248439725511411,0.09651274700792595,0.8977949619293213,0.9696882367134094,0.9696882367134094,0.9696882367134094,0.0
opxrd_275,opxrd,cnn_peaks_gate_no_aug,revision_outputs/missing_ablation_training/cnn_peaks_gate_no_aug/best_checkpoint.pth,gate,no,enabled,no_fls,raw 239 split,275,1,1,2,2,triclinic,triclinic,Low symmetry,True,1,0.9343792200088501,128,0.035206444561481476,10,0.009426937438547611,True,0.36523590299609965,0.06716266575899216,0.9343792200088501,0.9876183271408081,0.9876183271408081,0.9876183271408081,0.0
opxrd_277,opxrd,cnn_peaks_gate_no_aug,revision_outputs/missing_ablation_training/cnn_peaks_gate_no_aug/best_checkpoint.pth,gate,no,enabled,no_fls,raw 239 split,277,224,224,225,225,cubic,cubic,High symmetry,True,224,0.7156947255134583,61,0.15100602805614471,140,0.035847362130880356,True,1.136143759904214,0.20892372018921215,0.7156947255134583,0.9603288769721985,0.9603288769721985,0.9603288769721985,0.0
opxrd_289,opxrd,cnn_peaks_gate_no_aug,revision_outputs/missing_ablation_training/cnn_peaks_gate_no_aug/best_checkpoint.pth,gate,no,enabled,no_fls,raw 239 split,289,32,32,33,33,orthorhombic,orthorhombic,Low symmetry,True,32,0.7810335159301758,18,0.18939299881458282,35,0.014812851324677467,True,0.6472356149307069,0.1190191569785817,0.7810335159301758,0.8791463375091553,0.8791463375091553,0.8791463375091553,0.0
opxrd_292,opxrd,cnn_peaks_gate_no_aug,revision_outputs/missing_ablation_training/cnn_peaks_gate_no_aug/best_checkpoint.pth,gate,no,enabled,no_fls,raw 239 split,292,224,13,225,14,cubic,monoclinic,High symmetry,False,13,0.3013622760772705,62,0.21411067247390747,25,0.10803505778312683,False,2.436057913004472,0.44796292488916284,0.3013622760772705,0.9502050876617432,0.9502050876617432,0.9502050876617432,0.0
opxrd_294,opxrd,cnn_peaks_gate_no_aug,revision_outputs/missing_ablation_training/cnn_peaks_gate_no_aug/best_checkpoint.pth,gate,no,enabled,no_fls,raw 239 split,294,204,224,205,225,cubic,cubic,High symmetry,False,224,0.40304937958717346,204,0.16348384320735931,61,0.13643774390220642,True,2.174803698892234,0.39992129120361636,0.40304937958717346,0.9659240245819092,0.9659240245819092,0.9659240245819092,0.0
opxrd_296,opxrd,cnn_peaks_gate_no_aug,revision_outputs/missing_ablation_training/cnn_peaks_gate_no_aug/best_checkpoint.pth,gate,no,enabled,no_fls,raw 239 split,296,61,13,62,14,orthorhombic,monoclinic,Low symmetry,False,13,0.2215963751077652,86,0.13750018179416656,18,0.12434310466051102,False,2.430909371432463,0.44701616753614654,0.2215963751077652,0.9839348196983337,0.9839348196983337,0.9839348196983337,0.0
opxrd_306,opxrd,cnn_peaks_gate_no_aug,revision_outputs/missing_ablation_training/cnn_peaks_gate_no_aug/best_checkpoint.pth,gate,no,enabled,no_fls,raw 239 split,306,60,18,61,19,orthorhombic,orthorhombic,Low symmetry,False,18,0.999518871307373,147,0.0002276926679769531,1,0.00017256438150070608,False,0.004864033233496702,0.0008944395543322517,0.999518871307373,0.9995408058166504,0.9995408058166504,0.9995408058166504,0.0
opxrd_308,opxrd,cnn_peaks_gate_no_aug,revision_outputs/missing_ablation_training/cnn_peaks_gate_no_aug/best_checkpoint.pth,gate,no,enabled,no_fls,raw 239 split,308,32,1,33,2,orthorhombic,triclinic,Low symmetry,False,1,0.7655264139175415,60,0.11791609972715378,4,0.08027144521474838,False,0.8740905465541364,0.16073515976860897,0.7655264139175415,0.9921579360961914,0.9921579360961914,0.9921579360961914,0.0
opxrd_309,opxrd,cnn_peaks_gate_no_aug,revision_outputs/missing_ablation_training/cnn_peaks_gate_no_aug/best_checkpoint.pth,gate,no,enabled,no_fls,raw 239 split,309,14,4,15,5,monoclinic,monoclinic,Low symmetry,False,4,0.37361714243888855,3,0.1887870579957962,163,0.1529856026172638,False,1.9365860975720735,0.35611582464315705,0.37361714243888855,0.9326794147491455,0.9326794147491455,0.9326794147491455,0.0
opxrd_314,opxrd,cnn_peaks_gate_no_aug,revision_outputs/missing_ablation_training/cnn_peaks_gate_no_aug/best_checkpoint.pth,gate,no,enabled,no_fls,raw 239 split,314,226,226,227,227,cubic,cubic,High symmetry,True,226,0.6432900428771973,141,0.10687669366598129,4,0.05945128574967384,True,1.4363428012383395,0.2641268579664669,0.6432900428771973,0.9850233793258667,0.9850233793258667,0.9850233793258667,0.0
opxrd_319,opxrd,cnn_peaks_gate_no_aug,revision_outputs/missing_ablation_training/cnn_peaks_gate_no_aug/best_checkpoint.pth,gate,no,enabled,no_fls,raw 239 split,319,32,32,33,33,orthorhombic,orthorhombic,Low symmetry,True,32,0.7709248661994934,18,0.18704912066459656,35,0.028805144131183624,True,0.6864256273884778,0.12622574780440232,0.7709248661994934,0.8943330645561218,0.8943330645561218,0.8943330645561218,0.0
opxrd_321,opxrd,cnn_peaks_gate_no_aug,revision_outputs/missing_ablation_training/cnn_peaks_gate_no_aug/best_checkpoint.pth,gate,no,enabled,no_fls,raw 239 split,321,175,61,176,62,hexagonal,orthorhombic,Medium symmetry,False,61,0.4077742099761963,18,0.14969535171985626,175,0.11023449897766113,True,2.27957856632975,0.4191881796554993,0.4077742099761963,0.9646292328834534,0.9646292328834534,0.9646292328834534,0.0
opxrd_323,opxrd,cnn_peaks_gate_no_aug,revision_outputs/missing_ablation_training/cnn_peaks_gate_no_aug/best_checkpoint.pth,gate,no,enabled,no_fls,raw 239 split,323,59,59,60,60,orthorhombic,orthorhombic,Low symmetry,True,59,0.9993901252746582,223,0.0004588307347148657,60,9.947895887307823e-05,True,0.005640200093103627,0.0010371676786413867,0.9993901252746582,0.9918467998504639,0.9918467998504639,0.9918467998504639,0.0
opxrd_328,opxrd,cnn_peaks_gate_no_aug,revision_outputs/missing_ablation_training/cnn_peaks_gate_no_aug/best_checkpoint.pth,gate,no,enabled,no_fls,raw 239 split,328,62,62,63,63,orthorhombic,orthorhombic,Low symmetry,True,62,0.518078088760376,12,0.27590128779411316,13,0.1946260780096054,True,1.085130433757163,0.1995429584810582,0.518078088760376,0.805935800075531,0.805935800075531,0.805935800075531,0.0
opxrd_331,opxrd,cnn_peaks_gate_no_aug,revision_outputs/missing_ablation_training/cnn_peaks_gate_no_aug/best_checkpoint.pth,gate,no,enabled,no_fls,raw 239 split,331,165,165,166,166,trigonal,trigonal,Medium symmetry,True,165,0.9885451197624207,61,0.007918300107121468,138,0.0011950318003073335,True,0.07580754966805861,0.01394013315393692,0.9885451197624207,0.9974274039268494,0.9974274039268494,0.9974274039268494,0.0
opxrd_332,opxrd,cnn_peaks_gate_no_aug,revision_outputs/missing_ablation_training/cnn_peaks_gate_no_aug/best_checkpoint.pth,gate,no,enabled,no_fls,raw 239 split,332,73,14,74,15,orthorhombic,monoclinic,Low symmetry,False,14,0.723034143447876,73,0.2366735190153122,1,0.007748047821223736,True,0.8412115103606101,0.15468908461490974,0.723034143447876,0.5530436635017395,0.5530436635017395,0.5530436635017395,0.0
opxrd_333,opxrd,cnn_peaks_gate_no_aug,revision_outputs/missing_ablation_training/cnn_peaks_gate_no_aug/best_checkpoint.pth,gate,no,enabled,no_fls,raw 239 split,333,13,3,14,4,monoclinic,monoclinic,Low symmetry,False,3,0.5539669394493103,224,0.31910407543182373,18,0.08483301103115082,False,1.0900987682148149,0.20045657782631116,0.5539669394493103,0.988315999507904,0.988315999507904,0.988315999507904,0.0
opxrd_342,opxrd,cnn_peaks_gate_no_aug,revision_outputs/missing_ablation_training/cnn_peaks_gate_no_aug/best_checkpoint.pth,gate,no,enabled,no_fls,raw 239 split,342,59,59,60,60,orthorhombic,orthorhombic,Low symmetry,True,59,0.9999611377716064,223,2.8700666007352993e-05,60,5.245945430942811e-06,True,0.0004697656713476809,8.638448331874367e-05,0.9999611377716064,0.989437460899353,0.989437460899353,0.989437460899353,0.0
opxrd_344,opxrd,cnn_peaks_gate_no_aug,revision_outputs/missing_ablation_training/cnn_peaks_gate_no_aug/best_checkpoint.pth,gate,no,enabled,no_fls,raw 239 split,344,60,60,61,61,orthorhombic,orthorhombic,Low symmetry,True,60,0.9803393483161926,62,0.013060735538601875,1,0.001219450612552464,True,0.12883041094859304,0.023690425172210847,0.9803393483161926,0.9700339436531067,0.9700339436531067,0.9700339436531067,0.0
opxrd_352,opxrd,cnn_peaks_gate_no_aug,revision_outputs/missing_ablation_training/cnn_peaks_gate_no_aug/best_checkpoint.pth,gate,no,enabled,no_fls,raw 239 split,352,14,18,15,19,monoclinic,orthorhombic,Low symmetry,False,18,0.6278107762336731,1,0.17597080767154694,59,0.08649379760026932,False,1.3741871731219932,0.25269715556871836,0.6278107762336731,0.9769816994667053,0.9769816994667053,0.9769816994667053,0.0
opxrd_354,opxrd,cnn_peaks_gate_no_aug,revision_outputs/missing_ablation_training/cnn_peaks_gate_no_aug/best_checkpoint.pth,gate,no,enabled,no_fls,raw 239 split,354,61,61,62,62,orthorhombic,orthorhombic,Low symmetry,True,61,0.6706265807151794,62,0.08104968070983887,13,0.07633208483457565,True,1.477298371427131,0.2716581144749163,0.6706265807151794,0.9714418053627014,0.9714418053627014,0.9714418053627014,0.0
opxrd_361,opxrd,cnn_peaks_gate_no_aug,revision_outputs/missing_ablation_training/cnn_peaks_gate_no_aug/best_checkpoint.pth,gate,no,enabled,no_fls,raw 239 split,361,1,1,2,2,triclinic,triclinic,Low symmetry,True,1,0.5712372660636902,14,0.303021103143692,18,0.09531429409980774,True,1.0568114297500701,0.19433542059895617,0.5712372660636902,0.9970280528068542,0.9970280528068542,0.9970280528068542,0.0
opxrd_363,opxrd,cnn_peaks_gate_no_aug,revision_outputs/missing_ablation_training/cnn_peaks_gate_no_aug/best_checkpoint.pth,gate,no,enabled,no_fls,raw 239 split,363,1,13,2,14,triclinic,monoclinic,Low symmetry,False,13,0.6174468398094177,60,0.16841502487659454,57,0.09674941003322601,False,1.190373995868724,0.21889603447222108,0.6174468398094177,0.963080883026123,0.963080883026123,0.963080883026123,0.0
opxrd_376,opxrd,cnn_peaks_gate_no_aug,revision_outputs/missing_ablation_training/cnn_peaks_gate_no_aug/best_checkpoint.pth,gate,no,enabled,no_fls,raw 239 split,376,56,13,57,14,orthorhombic,monoclinic,Low symmetry,False,13,0.47240740060806274,62,0.24950093030929565,51,0.14390401542186737,False,1.6633607444736955,0.3058728367098899,0.47240740060806274,0.7516387104988098,0.7516387104988098,0.7516387104988098,0.0
opxrd_377,opxrd,cnn_peaks_gate_no_aug,revision_outputs/missing_ablation_training/cnn_peaks_gate_no_aug/best_checkpoint.pth,gate,no,enabled,no_fls,raw 239 split,377,14,14,15,15,monoclinic,monoclinic,Low symmetry,True,14,0.9977086782455444,140,0.0018389640608802438,12,0.0003355111402925104,True,0.017891825617118617,0.00329010016234232,0.9977086782455444,0.9971323013305664,0.9971323013305664,0.9971323013305664,0.0
opxrd_381,opxrd,cnn_peaks_gate_no_aug,revision_outputs/missing_ablation_training/cnn_peaks_gate_no_aug/best_checkpoint.pth,gate,no,enabled,no_fls,raw 239 split,381,160,17,161,18,trigonal,orthorhombic,Medium symmetry,False,17,0.5740971565246582,18,0.11735086143016815,1,0.08534739911556244,False,1.6446262344736133,0.30242777661866593,0.5740971565246582,0.9667304158210754,0.9667304158210754,0.9667304158210754,0.0
opxrd_382,opxrd,cnn_peaks_gate_no_aug,revision_outputs/missing_ablation_training/cnn_peaks_gate_no_aug/best_checkpoint.pth,gate,no,enabled,no_fls,raw 239 split,382,14,166,15,167,monoclinic,trigonal,Low symmetry,False,166,0.7328372001647949,140,0.05287152901291847,69,0.04059474170207977,False,1.2572832115233996,0.23119986673610257,0.7328372001647949,0.961787223815918,0.961787223815918,0.961787223815918,0.0
opxrd_398,opxrd,cnn_peaks_gate_no_aug,revision_outputs/missing_ablation_training/cnn_peaks_gate_no_aug/best_checkpoint.pth,gate,no,enabled,no_fls,raw 239 split,398,14,18,15,19,monoclinic,orthorhombic,Low symmetry,False,18,0.8263654708862305,25,0.040935415774583817,13,0.034105632454156876,False,0.87942333606901,0.16171579819109816,0.8263654708862305,0.9801150560379028,0.9801150560379028,0.9801150560379028,0.0
opxrd_405,opxrd,cnn_peaks_gate_no_aug,revision_outputs/missing_ablation_training/cnn_peaks_gate_no_aug/best_checkpoint.pth,gate,no,enabled,no_fls,raw 239 split,405,61,61,62,62,orthorhombic,orthorhombic,Low symmetry,True,61,0.997461199760437,62,0.00239005615003407,165,6.987342203501612e-05,True,0.0185182808829577,0.0034052980530408154,0.997461199760437,0.9751368761062622,0.9751368761062622,0.9751368761062622,0.0
opxrd_409,opxrd,cnn_peaks_gate_no_aug,revision_outputs/missing_ablation_training/cnn_peaks_gate_no_aug/best_checkpoint.pth,gate,no,enabled,no_fls,raw 239 split,409,128,128,129,129,tetragonal,tetragonal,Medium symmetry,True,128,0.9999985694885254,1,9.026257998812071e-07,32,4.1017389662556525e-07,True,2.2436931466678894e-05,4.12589265291934e-06,0.9999985694885254,0.9915117621421814,0.9915117621421814,0.9915117621421814,0.0
opxrd_410,opxrd,cnn_peaks_gate_no_aug,revision_outputs/missing_ablation_training/cnn_peaks_gate_no_aug/best_checkpoint.pth,gate,no,enabled,no_fls,raw 239 split,410,11,60,12,61,monoclinic,orthorhombic,Low symmetry,False,60,0.4972560405731201,87,0.15329714119434357,181,0.061753615736961365,False,1.9159333213619996,0.35231801754310516,0.4972560405731201,0.9870660901069641,0.9870660901069641,0.9870660901069641,0.0
opxrd_413,opxrd,cnn_peaks_gate_no_aug,revision_outputs/missing_ablation_training/cnn_peaks_gate_no_aug/best_checkpoint.pth,gate,no,enabled,no_fls,raw 239 split,413,13,1,14,2,monoclinic,triclinic,Low symmetry,False,1,0.9896288514137268,3,0.005695146042853594,18,0.0012606773525476456,False,0.07497056923009786,0.013786222114686835,0.9896288514137268,0.9967837333679199,0.9967837333679199,0.9967837333679199,0.0
opxrd_415,opxrd,cnn_peaks_gate_no_aug,revision_outputs/missing_ablation_training/cnn_peaks_gate_no_aug/best_checkpoint.pth,gate,no,enabled,no_fls,raw 239 split,415,13,60,14,61,monoclinic,orthorhombic,Low symmetry,False,60,0.5154861211776733,18,0.1828242689371109,13,0.06316451728343964,True,1.8541300465716963,0.3409531088539487,0.5154861211776733,0.9768196940422058,0.9768196940422058,0.9768196940422058,0.0
opxrd_420,opxrd,cnn_peaks_gate_no_aug,revision_outputs/missing_ablation_training/cnn_peaks_gate_no_aug/best_checkpoint.pth,gate,no,enabled,no_fls,raw 239 split,420,192,192,193,193,hexagonal,hexagonal,Medium symmetry,True,192,0.9322090148925781,62,0.011091369204223156,165,0.008496602065861225,True,0.4571603305736285,0.08406650668435206,0.9322090148925781,0.9543275833129883,0.9543275833129883,0.9543275833129883,0.0
opxrd_422,opxrd,cnn_peaks_gate_no_aug,revision_outputs/missing_ablation_training/cnn_peaks_gate_no_aug/best_checkpoint.pth,gate,no,enabled,no_fls,raw 239 split,422,87,87,88,88,tetragonal,tetragonal,Medium symmetry,True,87,0.9995429515838623,28,0.0001305759942624718,128,8.407351560890675e-05,True,0.00501247800750675,0.0009217368344153997,0.9995429515838623,0.9874812960624695,0.9874812960624695,0.9874812960624695,0.0
opxrd_424,opxrd,cnn_peaks_gate_no_aug,revision_outputs/missing_ablation_training/cnn_peaks_gate_no_aug/best_checkpoint.pth,gate,no,enabled,no_fls,raw 239 split,424,226,140,227,141,cubic,tetragonal,High symmetry,False,140,0.9919068813323975,87,0.0037069867830723524,61,0.0016535233007743955,False,0.06245974240281975,0.01148562550390379,0.9919068813323975,0.9674071669578552,0.9674071669578552,0.9674071669578552,0.0
opxrd_427,opxrd,cnn_peaks_gate_no_aug,revision_outputs/missing_ablation_training/cnn_peaks_gate_no_aug/best_checkpoint.pth,gate,no,enabled,no_fls,raw 239 split,427,224,140,225,141,cubic,tetragonal,High symmetry,False,140,0.6022796034812927,14,0.33721426129341125,193,0.03734418749809265,False,0.9107006244712174,0.1674673304188252,0.6022796034812927,0.9870172142982483,0.9870172142982483,0.9870172142982483,0.0
opxrd_428,opxrd,cnn_peaks_gate_no_aug,revision_outputs/missing_ablation_training/cnn_peaks_gate_no_aug/best_checkpoint.pth,gate,no,enabled,no_fls,raw 239 split,428,147,1,148,2,trigonal,triclinic,Medium symmetry,False,1,0.6751718521118164,17,0.26382362842559814,13,0.0402640663087368,False,0.8745270786521451,0.16081543298148623,0.6751718521118164,0.9941294193267822,0.9941294193267822,0.9941294193267822,0.0
opxrd_433,opxrd,cnn_peaks_gate_no_aug,revision_outputs/missing_ablation_training/cnn_peaks_gate_no_aug/best_checkpoint.pth,gate,no,enabled,no_fls,raw 239 split,433,13,11,14,12,monoclinic,monoclinic,Low symmetry,False,11,0.2759974002838135,1,0.1390746533870697,141,0.10427215695381165,False,2.7454476536870596,0.5048561261661134,0.2759974002838135,0.9650903940200806,0.9650903940200806,0.9650903940200806,0.0
opxrd_435,opxrd,cnn_peaks_gate_no_aug,revision_outputs/missing_ablation_training/cnn_peaks_gate_no_aug/best_checkpoint.pth,gate,no,enabled,no_fls,raw 239 split,435,139,124,140,125,tetragonal,tetragonal,Medium symmetry,False,124,0.3096216022968292,91,0.16049353778362274,138,0.14745169878005981,False,2.2827571073417645,0.419772676650017,0.3096216022968292,0.9553233981132507,0.9553233981132507,0.9553233981132507,0.0
opxrd_439,opxrd,cnn_peaks_gate_no_aug,revision_outputs/missing_ablation_training/cnn_peaks_gate_no_aug/best_checkpoint.pth,gate,no,enabled,no_fls,raw 239 split,439,147,147,148,148,trigonal,trigonal,Medium symmetry,True,147,0.9999983310699463,44,8.289857191812189e-07,174,7.55250766815152e-07,True,2.4982450696996344e-05,4.59398425028545e-06,0.9999983310699463,0.993316650390625,0.993316650390625,0.993316650390625,0.0
opxrd_442,opxrd,cnn_peaks_gate_no_aug,revision_outputs/missing_ablation_training/cnn_peaks_gate_no_aug/best_checkpoint.pth,gate,no,enabled,no_fls,raw 239 split,442,120,11,121,12,tetragonal,monoclinic,Medium symmetry,False,11,0.36743348836898804,1,0.24886448681354523,61,0.16989263892173767,False,1.8725818538849028,0.34434618318497756,0.36743348836898804,0.9858403205871582,0.9858403205871582,0.9858403205871582,0.0
opxrd_447,opxrd,cnn_peaks_gate_no_aug,revision_outputs/missing_ablation_training/cnn_peaks_gate_no_aug/best_checkpoint.pth,gate,no,enabled,no_fls,raw 239 split,447,224,205,225,206,cubic,cubic,High symmetry,False,205,0.11716574430465698,229,0.09673870354890823,61,0.08005652576684952,False,3.243420737291937,0.5964276269325268,0.11716574430465698,0.7819168567657471,0.7819168567657471,0.7819168567657471,0.0
opxrd_458,opxrd,cnn_peaks_gate_no_aug,revision_outputs/missing_ablation_training/cnn_peaks_gate_no_aug/best_checkpoint.pth,gate,no,enabled,no_fls,raw 239 split,458,144,1,145,2,trigonal,triclinic,Medium symmetry,False,1,0.6018620133399963,136,0.32094886898994446,60,0.03752649948000908,False,1.0338905339041133,0.19012053248425978,0.6018620133399963,0.9220559597015381,0.9220559597015381,0.9220559597015381,0.0
opxrd_462,opxrd,cnn_peaks_gate_no_aug,revision_outputs/missing_ablation_training/cnn_peaks_gate_no_aug/best_checkpoint.pth,gate,no,enabled,no_fls,raw 239 split,462,87,18,88,19,tetragonal,orthorhombic,Medium symmetry,False,18,0.6669616103172302,1,0.1968120038509369,60,0.07430169731378555,False,1.068603307896274,0.19650381084785432,0.6669616103172302,0.9571326375007629,0.9571326375007629,0.9571326375007629,0.0
opxrd_465,opxrd,cnn_peaks_gate_no_aug,revision_outputs/missing_ablation_training/cnn_peaks_gate_no_aug/best_checkpoint.pth,gate,no,enabled,no_fls,raw 239 split,465,62,60,63,61,orthorhombic,orthorhombic,Low symmetry,False,60,0.884834885597229,13,0.0610111802816391,1,0.032100461423397064,False,0.5141984135443144,0.09455515161402304,0.884834885597229,0.9664466381072998,0.9664466381072998,0.9664466381072998,0.0
opxrd_477,opxrd,cnn_peaks_gate_no_aug,revision_outputs/missing_ablation_training/cnn_peaks_gate_no_aug/best_checkpoint.pth,gate,no,enabled,no_fls,raw 239 split,477,13,13,14,14,monoclinic,monoclinic,Low symmetry,True,13,0.9996362924575806,32,0.00018275761976838112,71,8.774972229730338e-05,True,0.003774864360970837,0.0006941539735871019,0.9996362924575806,0.9900541305541992,0.9900541305541992,0.9900541305541992,0.0
opxrd_479,opxrd,cnn_peaks_gate_no_aug,revision_outputs/missing_ablation_training/cnn_peaks_gate_no_aug/best_checkpoint.pth,gate,no,enabled,no_fls,raw 239 split,479,147,1,148,2,trigonal,triclinic,Medium symmetry,False,1,0.9524446725845337,17,0.03474637493491173,13,0.006813088431954384,False,0.24193467331391263,0.044488993184952016,0.9524446725845337,0.9934364557266235,0.9934364557266235,0.9934364557266235,0.0
opxrd_485,opxrd,cnn_peaks_gate_no_aug,revision_outputs/missing_ablation_training/cnn_peaks_gate_no_aug/best_checkpoint.pth,gate,no,enabled,no_fls,raw 239 split,485,91,91,92,92,tetragonal,tetragonal,Medium symmetry,True,91,0.6338787078857422,124,0.2279452532529831,199,0.024217704311013222,True,1.3119285188505443,0.24124850785052668,0.6338787078857422,0.9763748049736023,0.9763748049736023,0.9763748049736023,0.0
opxrd_486,opxrd,cnn_peaks_gate_no_aug,revision_outputs/missing_ablation_training/cnn_peaks_gate_no_aug/best_checkpoint.pth,gate,no,enabled,no_fls,raw 239 split,486,138,147,139,148,tetragonal,trigonal,Medium symmetry,False,147,0.9613863229751587,160,0.031329866498708725,12,0.0029009985737502575,False,0.19686490038746923,0.0362011822932481,0.9613863229751587,0.9772790670394897,0.9772790670394897,0.9772790670394897,0.0
opxrd_493,opxrd,cnn_peaks_gate_no_aug,revision_outputs/missing_ablation_training/cnn_peaks_gate_no_aug/best_checkpoint.pth,gate,no,enabled,no_fls,raw 239 split,493,73,73,74,74,orthorhombic,orthorhombic,Low symmetry,True,73,0.9964042901992798,14,0.0026816308964043856,175,0.00027306200354360044,True,0.028271185076321446,0.005198744532822835,0.9964042901992798,0.5988908410072327,0.5988908410072327,0.5988908410072327,0.0
opxrd_513,opxrd,cnn_peaks_gate_no_aug,revision_outputs/missing_ablation_training/cnn_peaks_gate_no_aug/best_checkpoint.pth,gate,no,enabled,no_fls,raw 239 split,513,13,13,14,14,monoclinic,monoclinic,Low symmetry,True,13,0.5915438532829285,122,0.20696556568145752,59,0.0874096155166626,True,1.268388571922265,0.23324201429740107,0.5915438532829285,0.9868271350860596,0.9868271350860596,0.9868271350860596,0.0
opxrd_514,opxrd,cnn_peaks_gate_no_aug,revision_outputs/missing_ablation_training/cnn_peaks_gate_no_aug/best_checkpoint.pth,gate,no,enabled,no_fls,raw 239 split,514,10,1,11,2,monoclinic,triclinic,Low symmetry,False,1,0.6131948828697205,18,0.3506720960140228,11,0.015570866875350475,False,0.8471322097095891,0.15577783286822483,0.6131948828697205,0.9915652275085449,0.9915652275085449,0.9915652275085449,0.0
opxrd_519,opxrd,cnn_peaks_gate_no_aug,revision_outputs/missing_ablation_training/cnn_peaks_gate_no_aug/best_checkpoint.pth,gate,no,enabled,no_fls,raw 239 split,519,147,181,148,182,trigonal,hexagonal,Medium symmetry,False,181,0.6862912774085999,11,0.11895159631967545,60,0.10423070937395096,False,1.271034675075218,0.2337286021168562,0.6862912774085999,0.9263918399810791,0.9263918399810791,0.9263918399810791,0.0
opxrd_526,opxrd,cnn_peaks_gate_no_aug,revision_outputs/missing_ablation_training/cnn_peaks_gate_no_aug/best_checkpoint.pth,gate,no,enabled,no_fls,raw 239 split,526,162,18,163,19,trigonal,orthorhombic,Medium symmetry,False,18,0.346644788980484,1,0.30950456857681274,17,0.2079416662454605,False,1.559217308938226,0.2867220612946466,0.346644788980484,0.9962638020515442,0.9962638020515442,0.9962638020515442,0.0
opxrd_527,opxrd,cnn_peaks_gate_no_aug,revision_outputs/missing_ablation_training/cnn_peaks_gate_no_aug/best_checkpoint.pth,gate,no,enabled,no_fls,raw 239 split,527,1,1,2,2,triclinic,triclinic,Low symmetry,True,1,0.7080191969871521,18,0.28830596804618835,3,0.0030417332891374826,True,0.6270263726798893,0.11530291065285106,0.7080191969871521,0.9823071956634521,0.9823071956634521,0.9823071956634521,0.0
opxrd_529,opxrd,cnn_peaks_gate_no_aug,revision_outputs/missing_ablation_training/cnn_peaks_gate_no_aug/best_checkpoint.pth,gate,no,enabled,no_fls,raw 239 split,529,226,61,227,62,cubic,orthorhombic,High symmetry,False,61,0.7923827767372131,226,0.12018879503011703,13,0.03550032898783684,True,0.8449387030821203,0.15537447232438914,0.7923827767372131,0.9368629455566406,0.9368629455566406,0.9368629455566406,0.0
opxrd_533,opxrd,cnn_peaks_gate_no_aug,revision_outputs/missing_ablation_training/cnn_peaks_gate_no_aug/best_checkpoint.pth,gate,no,enabled,no_fls,raw 239 split,533,13,13,14,14,monoclinic,monoclinic,Low symmetry,True,13,0.8987132906913757,1,0.045845434069633484,28,0.032908208668231964,True,0.48632777028295443,0.08943006209654804,0.8987132906913757,0.983650267124176,0.983650267124176,0.983650267124176,0.0
opxrd_536,opxrd,cnn_peaks_gate_no_aug,revision_outputs/missing_ablation_training/cnn_peaks_gate_no_aug/best_checkpoint.pth,gate,no,enabled,no_fls,raw 239 split,536,59,61,60,62,orthorhombic,orthorhombic,Low symmetry,False,61,0.17853106558322906,175,0.1446339637041092,62,0.0864839181303978,False,3.1881954990415435,0.5862723432168635,0.17853106558322906,0.9451702237129211,0.9451702237129211,0.9451702237129211,0.0
opxrd_538,opxrd,cnn_peaks_gate_no_aug,revision_outputs/missing_ablation_training/cnn_peaks_gate_no_aug/best_checkpoint.pth,gate,no,enabled,no_fls,raw 239 split,538,11,13,12,14,monoclinic,monoclinic,Low symmetry,False,13,0.2348024845123291,14,0.23310139775276184,1,0.10829154402017593,False,2.75196675975791,0.5060549145067235,0.2348024845123291,0.9258762001991272,0.9258762001991272,0.9258762001991272,0.0
opxrd_551,opxrd,cnn_peaks_gate_no_aug,revision_outputs/missing_ablation_training/cnn_peaks_gate_no_aug/best_checkpoint.pth,gate,no,enabled,no_fls,raw 239 split,551,224,224,225,225,cubic,cubic,High symmetry,True,224,0.9173203110694885,13,0.014553201384842396,61,0.012444552034139633,True,0.48572866229982603,0.08931989305540416,0.9173203110694885,0.9790500998497009,0.9790500998497009,0.9790500998497009,0.0
opxrd_553,opxrd,cnn_peaks_gate_no_aug,revision_outputs/missing_ablation_training/cnn_peaks_gate_no_aug/best_checkpoint.pth,gate,no,enabled,no_fls,raw 239 split,553,61,61,62,62,orthorhombic,orthorhombic,Low symmetry,True,61,0.9890018701553345,62,0.010159915313124657,13,0.0002333590091438964,True,0.06506476348656787,0.011964658805141895,0.9890018701553345,0.9635738730430603,0.9635738730430603,0.9635738730430603,0.0
opxrd_566,opxrd,cnn_peaks_gate_no_aug,revision_outputs/missing_ablation_training/cnn_peaks_gate_no_aug/best_checkpoint.pth,gate,no,enabled,no_fls,raw 239 split,566,224,224,225,225,cubic,cubic,High symmetry,True,224,1.0,140,5.1102201581443296e-08,32,4.3481861666805344e-08,True,2.714995784316501e-06,4.992563789684969e-07,1.0,0.991089940071106,0.991089940071106,0.991089940071106,0.0
opxrd_572,opxrd,cnn_peaks_gate_no_aug,revision_outputs/missing_ablation_training/cnn_peaks_gate_no_aug/best_checkpoint.pth,gate,no,enabled,no_fls,raw 239 split,572,162,73,163,74,trigonal,orthorhombic,Medium symmetry,False,73,0.9602287411689758,1,0.032761529088020325,162,0.003669577883556485,True,0.19894447453385242,0.0365835919692105,0.9602287411689758,0.9499481320381165,0.9499481320381165,0.9499481320381165,0.0
opxrd_575,opxrd,cnn_peaks_gate_no_aug,revision_outputs/missing_ablation_training/cnn_peaks_gate_no_aug/best_checkpoint.pth,gate,no,enabled,no_fls,raw 239 split,575,13,1,14,2,monoclinic,triclinic,Low symmetry,False,1,0.986255943775177,224,0.010905936360359192,13,0.0014138184487819672,True,0.08394824571219349,0.015437113168696365,0.986255943775177,0.9958731532096863,0.9958731532096863,0.9958731532096863,0.0
opxrd_591,opxrd,cnn_peaks_gate_no_aug,revision_outputs/missing_ablation_training/cnn_peaks_gate_no_aug/best_checkpoint.pth,gate,no,enabled,no_fls,raw 239 split,591,35,32,36,33,orthorhombic,orthorhombic,Low symmetry,False,32,0.5714536905288696,18,0.33977174758911133,35,0.05272892490029335,True,0.9900760413559828,0.1820635531613881,0.5714536905288696,0.9006578922271729,0.9006578922271729,0.9006578922271729,0.0
opxrd_593,opxrd,cnn_peaks_gate_no_aug,revision_outputs/missing_ablation_training/cnn_peaks_gate_no_aug/best_checkpoint.pth,gate,no,enabled,no_fls,raw 239 split,593,13,1,14,2,monoclinic,triclinic,Low symmetry,False,1,0.998021125793457,13,0.0006879964494146407,60,0.00036433778586797416,True,0.01869848871077285,0.003438436192000917,0.998021125793457,0.9894046783447266,0.9894046783447266,0.9894046783447266,0.0
opxrd_598,opxrd,cnn_peaks_gate_no_aug,revision_outputs/missing_ablation_training/cnn_peaks_gate_no_aug/best_checkpoint.pth,gate,no,enabled,no_fls,raw 239 split,598,13,13,14,14,monoclinic,monoclinic,Low symmetry,True,13,0.9745873808860779,18,0.024859383702278137,35,0.00030226929811760783,True,0.12195904256185264,0.022426859858725005,0.9745873808860779,0.9800012707710266,0.9800012707710266,0.9800012707710266,0.0
opxrd_613,opxrd,cnn_peaks_gate_no_aug,revision_outputs/missing_ablation_training/cnn_peaks_gate_no_aug/best_checkpoint.pth,gate,no,enabled,no_fls,raw 239 split,613,122,61,123,62,tetragonal,orthorhombic,Medium symmetry,False,61,0.3597356379032135,13,0.24443086981773376,71,0.05974375829100609,False,2.217167817724309,0.4077115635452795,0.3597356379032135,0.9602074027061462,0.9602074027061462,0.9602074027061462,0.0
opxrd_615,opxrd,cnn_peaks_gate_no_aug,revision_outputs/missing_ablation_training/cnn_peaks_gate_no_aug/best_checkpoint.pth,gate,no,enabled,no_fls,raw 239 split,615,1,18,2,19,triclinic,orthorhombic,Low symmetry,False,18,0.9963812232017517,14,0.0036157998256385326,140,1.1516201539052418e-06,False,0.023984007643206993,0.00441038210013824,0.9963812232017517,0.9981348514556885,0.9981348514556885,0.9981348514556885,0.0
opxrd_618,opxrd,cnn_peaks_gate_no_aug,revision_outputs/missing_ablation_training/cnn_peaks_gate_no_aug/best_checkpoint.pth,gate,no,enabled,no_fls,raw 239 split,618,128,128,129,129,tetragonal,tetragonal,Medium symmetry,True,128,0.9999986886978149,32,6.256118467717897e-07,1,5.814001724502305e-07,True,2.118123622440292e-05,3.894984795394067e-06,0.9999986886978149,0.9940104484558105,0.9940104484558105,0.9940104484558105,0.0
opxrd_620,opxrd,cnn_peaks_gate_no_aug,revision_outputs/missing_ablation_training/cnn_peaks_gate_no_aug/best_checkpoint.pth,gate,no,enabled,no_fls,raw 239 split,620,62,1,63,2,orthorhombic,triclinic,Low symmetry,False,1,0.9912132620811462,3,0.004601536318659782,60,0.0011288266396149993,False,0.06448432493082505,0.011857922856147847,0.9912132620811462,0.9911380410194397,0.9911380410194397,0.9911380410194397,0.0
opxrd_621,opxrd,cnn_peaks_gate_no_aug,revision_outputs/missing_ablation_training/cnn_peaks_gate_no_aug/best_checkpoint.pth,gate,no,enabled,no_fls,raw 239 split,621,58,18,59,19,orthorhombic,orthorhombic,Low symmetry,False,18,0.4934624433517456,1,0.4722135663032532,13,0.028344664722681046,False,0.8456765017342268,0.15551014497831603,0.4934624433517456,0.9964981079101562,0.9964981079101562,0.9964981079101562,0.0
opxrd_622,opxrd,cnn_peaks_gate_no_aug,revision_outputs/missing_ablation_training/cnn_peaks_gate_no_aug/best_checkpoint.pth,gate,no,enabled,no_fls,raw 239 split,622,57,57,58,58,orthorhombic,orthorhombic,Low symmetry,True,57,0.827226996421814,60,0.12177639454603195,1,0.050104640424251556,True,0.5699630815482557,0.10480963023342063,0.827226996421814,0.9814334511756897,0.9814334511756897,0.9814334511756897,0.0
opxrd_626,opxrd,cnn_peaks_gate_no_aug,revision_outputs/missing_ablation_training/cnn_peaks_gate_no_aug/best_checkpoint.pth,gate,no,enabled,no_fls,raw 239 split,626,8,1,9,2,monoclinic,triclinic,Low symmetry,False,1,0.9251053333282471,18,0.07465919107198715,13,8.661847823532298e-05,False,0.2682666667798909,0.04933114276941483,0.9251053333282471,0.9921289682388306,0.9921289682388306,0.9921289682388306,0.0
opxrd_630,opxrd,cnn_peaks_gate_no_aug,revision_outputs/missing_ablation_training/cnn_peaks_gate_no_aug/best_checkpoint.pth,gate,no,enabled,no_fls,raw 239 split,630,128,128,129,129,tetragonal,tetragonal,Medium symmetry,True,128,0.9990367889404297,1,0.0005425028502941132,61,8.784700912656263e-05,True,0.00936901426128548,0.0017228535534434227,0.9990367889404297,0.9909313917160034,0.9909313917160034,0.9909313917160034,0.0
opxrd_634,opxrd,cnn_peaks_gate_no_aug,revision_outputs/missing_ablation_training/cnn_peaks_gate_no_aug/best_checkpoint.pth,gate,no,enabled,no_fls,raw 239 split,634,192,192,193,193,hexagonal,hexagonal,Medium symmetry,True,192,0.9411438703536987,62,0.012648722156882286,224,0.006289754528552294,True,0.40582714344794596,0.0746269262351572,0.9411438703536987,0.9426796436309814,0.9426796436309814,0.9426796436309814,0.0
opxrd_671,opxrd,cnn_peaks_gate_no_aug,revision_outputs/missing_ablation_training/cnn_peaks_gate_no_aug/best_checkpoint.pth,gate,no,enabled,no_fls,raw 239 split,671,12,32,13,33,monoclinic,orthorhombic,Low symmetry,False,32,0.26326683163642883,14,0.1999867707490921,18,0.12262368202209473,False,2.526661528826229,0.46462388378196307,0.26326683163642883,0.9656662940979004,0.9656662940979004,0.9656662940979004,0.0
opxrd_676,opxrd,cnn_peaks_gate_no_aug,revision_outputs/missing_ablation_training/cnn_peaks_gate_no_aug/best_checkpoint.pth,gate,no,enabled,no_fls,raw 239 split,676,13,18,14,19,monoclinic,orthorhombic,Low symmetry,False,18,0.9563704133033752,13,0.03931458294391632,1,0.002350609516724944,True,0.20178590775214236,0.03710609873251341,0.9563704133033752,0.9984252452850342,0.9984252452850342,0.9984252452850342,0.0
opxrd_688,opxrd,cnn_peaks_gate_no_aug,revision_outputs/missing_ablation_training/cnn_peaks_gate_no_aug/best_checkpoint.pth,gate,no,enabled,no_fls,raw 239 split,688,139,139,140,140,tetragonal,tetragonal,Medium symmetry,True,139,0.9826902747154236,61,0.004290941171348095,62,0.0031188265420496464,True,0.1306909595349673,0.024032558576429747,0.9826902747154236,0.9059638381004333,0.9059638381004333,0.9059638381004333,0.0
opxrd_693,opxrd,cnn_peaks_gate_no_aug,revision_outputs/missing_ablation_training/cnn_peaks_gate_no_aug/best_checkpoint.pth,gate,no,enabled,no_fls,raw 239 split,693,73,18,74,19,orthorhombic,orthorhombic,Low symmetry,False,18,0.4039229154586792,12,0.1322256326675415,197,0.05702652037143707,False,2.4524257016652093,0.4509727722508738,0.4039229154586792,0.9564770460128784,0.9564770460128784,0.9564770460128784,0.0
opxrd_704,opxrd,cnn_peaks_gate_no_aug,revision_outputs/missing_ablation_training/cnn_peaks_gate_no_aug/best_checkpoint.pth,gate,no,enabled,no_fls,raw 239 split,704,1,3,2,4,triclinic,monoclinic,Low symmetry,False,3,0.9029483795166016,163,0.04510626569390297,1,0.045102670788764954,True,0.42222993067476333,0.07764320942909711,0.9029483795166016,0.9167395830154419,0.9167395830154419,0.9167395830154419,0.0
opxrd_708,opxrd,cnn_peaks_gate_no_aug,revision_outputs/missing_ablation_training/cnn_peaks_gate_no_aug/best_checkpoint.pth,gate,no,enabled,no_fls,raw 239 split,708,44,44,45,45,orthorhombic,orthorhombic,Low symmetry,True,44,0.9971559047698975,147,0.002680642995983362,174,0.000160405455972068,True,0.02016017184523593,0.0037072228446826173,0.9971559047698975,0.9890685677528381,0.9890685677528381,0.9890685677528381,0.0
opxrd_711,opxrd,cnn_peaks_gate_no_aug,revision_outputs/missing_ablation_training/cnn_peaks_gate_no_aug/best_checkpoint.pth,gate,no,enabled,no_fls,raw 239 split,711,13,13,14,14,monoclinic,monoclinic,Low symmetry,True,13,0.35247403383255005,147,0.21038305759429932,87,0.10836683213710785,True,2.114902177202493,0.3889060929531145,0.35247403383255005,0.9601930975914001,0.9601930975914001,0.9601930975914001,0.0
opxrd_715,opxrd,cnn_peaks_gate_no_aug,revision_outputs/missing_ablation_training/cnn_peaks_gate_no_aug/best_checkpoint.pth,gate,no,enabled,no_fls,raw 239 split,715,52,1,53,2,orthorhombic,triclinic,Low symmetry,False,1,0.9988688826560974,18,0.0003461579908616841,204,0.00020481583487708122,False,0.011460744323650612,0.0021074985620097506,0.9988688826560974,0.9755393266677856,0.9755393266677856,0.9755393266677856,0.0
opxrd_717,opxrd,cnn_peaks_gate_no_aug,revision_outputs/missing_ablation_training/cnn_peaks_gate_no_aug/best_checkpoint.pth,gate,no,enabled,no_fls,raw 239 split,717,62,62,63,63,orthorhombic,orthorhombic,Low symmetry,True,62,0.927889347076416,61,0.018238209187984467,13,0.012887462973594666,True,0.45318186802771815,0.0833349133551812,0.927889347076416,0.9258800148963928,0.9258800148963928,0.9258800148963928,0.0
opxrd_718,opxrd,cnn_peaks_gate_no_aug,revision_outputs/missing_ablation_training/cnn_peaks_gate_no_aug/best_checkpoint.pth,gate,no,enabled,no_fls,raw 239 split,718,163,13,164,14,trigonal,monoclinic,Medium symmetry,False,13,0.9992838501930237,1,0.0001220930425915867,28,9.402551950188354e-05,False,0.007831851551033935,0.0014401870782176464,0.9992838501930237,0.9746768474578857,0.9746768474578857,0.9746768474578857,0.0
opxrd_720,opxrd,cnn_peaks_gate_no_aug,revision_outputs/missing_ablation_training/cnn_peaks_gate_no_aug/best_checkpoint.pth,gate,no,enabled,no_fls,raw 239 split,720,2,18,3,19,monoclinic,orthorhombic,Low symmetry,False,18,0.5274276733398438,1,0.2217869609594345,17,0.09193559736013412,False,1.6104230525075085,0.29613820634520893,0.5274276733398438,0.9711138606071472,0.9711138606071472,0.9711138606071472,0.0
opxrd_721,opxrd,cnn_peaks_gate_no_aug,revision_outputs/missing_ablation_training/cnn_peaks_gate_no_aug/best_checkpoint.pth,gate,no,enabled,no_fls,raw 239 split,721,1,1,2,2,triclinic,triclinic,Low symmetry,True,1,0.9997255206108093,13,0.00012472696835175157,128,6.830629718024284e-05,True,0.003005161290551883,0.0005526144654824721,0.9997255206108093,0.9534885287284851,0.9534885287284851,0.9534885287284851,0.0
opxrd_722,opxrd,cnn_peaks_gate_no_aug,revision_outputs/missing_ablation_training/cnn_peaks_gate_no_aug/best_checkpoint.pth,gate,no,enabled,no_fls,raw 239 split,722,13,87,14,88,monoclinic,tetragonal,Low symmetry,False,87,0.37442031502723694,4,0.26158052682876587,3,0.1938907504081726,False,1.4704960149146327,0.27040723964833246,0.37442031502723694,0.8239971995353699,0.8239971995353699,0.8239971995353699,0.0
opxrd_723,opxrd,cnn_peaks_gate_no_aug,revision_outputs/missing_ablation_training/cnn_peaks_gate_no_aug/best_checkpoint.pth,gate,no,enabled,no_fls,raw 239 split,723,35,32,36,33,orthorhombic,orthorhombic,Low symmetry,False,32,0.4857519567012787,18,0.37631431221961975,35,0.10906444489955902,True,1.1006814558651843,0.20240261190363779,0.4857519567012787,0.8739097118377686,0.8739097118377686,0.8739097118377686,0.0
opxrd_732,opxrd,cnn_peaks_gate_no_aug,revision_outputs/missing_ablation_training/cnn_peaks_gate_no_aug/best_checkpoint.pth,gate,no,enabled,no_fls,raw 239 split,732,202,202,203,203,cubic,cubic,High symmetry,True,202,0.9936483502388,145,0.0036211072001606226,18,0.001280526164919138,True,0.04594390209363719,0.008448553153362272,0.9936483502388,0.9861153364181519,0.9861153364181519,0.9861153364181519,0.0
opxrd_733,opxrd,cnn_peaks_gate_no_aug,revision_outputs/missing_ablation_training/cnn_peaks_gate_no_aug/best_checkpoint.pth,gate,no,enabled,no_fls,raw 239 split,733,147,147,148,148,trigonal,trigonal,Medium symmetry,True,147,0.9999996423721313,174,1.956452564400024e-07,44,1.7245098149487603e-07,True,6.406755157053393e-06,1.1781283047013903e-06,0.9999996423721313,0.9917757511138916,0.9917757511138916,0.9917757511138916,0.0
opxrd_737,opxrd,cnn_peaks_gate_no_aug,revision_outputs/missing_ablation_training/cnn_peaks_gate_no_aug/best_checkpoint.pth,gate,no,enabled,no_fls,raw 239 split,737,14,14,15,15,monoclinic,monoclinic,Low symmetry,True,14,0.9998288154602051,140,0.0001047466867021285,12,3.6435973015613854e-05,True,0.001874307229486717,0.00034466345983796473,0.9998288154602051,0.9972561001777649,0.9972561001777649,0.9972561001777649,0.0
opxrd_741,opxrd,cnn_peaks_gate_no_aug,revision_outputs/missing_ablation_training/cnn_peaks_gate_no_aug/best_checkpoint.pth,gate,no,enabled,no_fls,raw 239 split,741,59,59,60,60,orthorhombic,orthorhombic,Low symmetry,True,59,0.9999566078186035,223,3.0069530112086795e-05,60,7.519282007706352e-06,True,0.0005241324212986914,9.638190094775868e-05,0.9999566078186035,0.9893855452537537,0.9893855452537537,0.9893855452537537,0.0
opxrd_757,opxrd,cnn_peaks_gate_no_aug,revision_outputs/missing_ablation_training/cnn_peaks_gate_no_aug/best_checkpoint.pth,gate,no,enabled,no_fls,raw 239 split,757,13,3,14,4,monoclinic,monoclinic,Low symmetry,False,3,0.9504979252815247,163,0.043376438319683075,18,0.0020478074438869953,False,0.22666509030240534,0.04168109316288874,0.9504979252815247,0.86786288022995,0.86786288022995,0.86786288022995,0.0
opxrd_759,opxrd,cnn_peaks_gate_no_aug,revision_outputs/missing_ablation_training/cnn_peaks_gate_no_aug/best_checkpoint.pth,gate,no,enabled,no_fls,raw 239 split,759,13,13,14,14,monoclinic,monoclinic,Low symmetry,True,13,0.8804234862327576,224,0.10197076201438904,163,0.014364941045641899,True,0.4279257991072512,0.07869061387263689,0.8804234862327576,0.9937295913696289,0.9937295913696289,0.9937295913696289,0.0
opxrd_764,opxrd,cnn_peaks_gate_no_aug,revision_outputs/missing_ablation_training/cnn_peaks_gate_no_aug/best_checkpoint.pth,gate,no,enabled,no_fls,raw 239 split,764,6,1,7,2,monoclinic,triclinic,Low symmetry,False,1,0.8795050978660583,13,0.05069795995950699,63,0.0289008691906929,False,0.5564406574967442,0.10232301257241613,0.8795050978660583,0.9985371828079224,0.9985371828079224,0.9985371828079224,0.0
opxrd_786,opxrd,cnn_peaks_gate_no_aug,revision_outputs/missing_ablation_training/cnn_peaks_gate_no_aug/best_checkpoint.pth,gate,no,enabled,no_fls,raw 239 split,786,18,3,19,4,orthorhombic,monoclinic,Low symmetry,False,3,0.8097452521324158,1,0.13305415213108063,18,0.025370294228196144,True,0.7223331097930686,0.1328287192516321,0.8097452521324158,0.9675320982933044,0.9675320982933044,0.9675320982933044,0.0
opxrd_802,opxrd,cnn_peaks_gate_no_aug,revision_outputs/missing_ablation_training/cnn_peaks_gate_no_aug/best_checkpoint.pth,gate,no,enabled,no_fls,raw 239 split,802,13,145,14,146,monoclinic,trigonal,Low symmetry,False,145,0.9318689703941345,11,0.027961639687418938,202,0.01613752357661724,False,0.37591199169241263,0.06912587521031349,0.9318689703941345,0.9694132208824158,0.9694132208824158,0.9694132208824158,0.0
opxrd_803,opxrd,cnn_peaks_gate_no_aug,revision_outputs/missing_ablation_training/cnn_peaks_gate_no_aug/best_checkpoint.pth,gate,no,enabled,no_fls,raw 239 split,803,124,124,125,125,tetragonal,tetragonal,Medium symmetry,True,124,0.9994803071022034,91,0.00044189183972775936,199,3.7584235542453825e-05,True,0.004824911966134314,0.000887245604935781,0.9994803071022034,0.9937343001365662,0.9937343001365662,0.9937343001365662,0.0
opxrd_806,opxrd,cnn_peaks_gate_no_aug,revision_outputs/missing_ablation_training/cnn_peaks_gate_no_aug/best_checkpoint.pth,gate,no,enabled,no_fls,raw 239 split,806,86,163,87,164,tetragonal,trigonal,Medium symmetry,False,163,0.3951829671859741,3,0.1492597758769989,11,0.14135262370109558,False,1.9656323284985886,0.36145709115960045,0.3951829671859741,0.8242919445037842,0.8242919445037842,0.8242919445037842,0.0
opxrd_807,opxrd,cnn_peaks_gate_no_aug,revision_outputs/missing_ablation_training/cnn_peaks_gate_no_aug/best_checkpoint.pth,gate,no,enabled,no_fls,raw 239 split,807,166,138,167,139,trigonal,tetragonal,Medium symmetry,False,138,0.6160739064216614,62,0.16835632920265198,61,0.1005474254488945,False,1.4174106592865108,0.2606454556410607,0.6160739064216614,0.9644794464111328,0.9644794464111328,0.9644794464111328,0.0
opxrd_809,opxrd,cnn_peaks_gate_no_aug,revision_outputs/missing_ablation_training/cnn_peaks_gate_no_aug/best_checkpoint.pth,gate,no,enabled,no_fls,raw 239 split,809,61,163,62,164,orthorhombic,trigonal,Low symmetry,False,163,0.4196896553039551,18,0.19241654872894287,3,0.0961998850107193,False,1.9172409414898484,0.35255847378759264,0.4196896553039551,0.8275527954101562,0.8275527954101562,0.8275527954101562,0.0
opxrd_813,opxrd,cnn_peaks_gate_no_aug,revision_outputs/missing_ablation_training/cnn_peaks_gate_no_aug/best_checkpoint.pth,gate,no,enabled,no_fls,raw 239 split,813,13,13,14,14,monoclinic,monoclinic,Low symmetry,True,13,0.1708681881427765,14,0.15965820848941803,87,0.09887233376502991,True,3.030949254810135,0.5573565743766798,0.1708681881427765,0.9689233303070068,0.9689233303070068,0.9689233303070068,0.0
opxrd_822,opxrd,cnn_peaks_gate_no_aug,revision_outputs/missing_ablation_training/cnn_peaks_gate_no_aug/best_checkpoint.pth,gate,no,enabled,no_fls,raw 239 split,822,14,18,15,19,monoclinic,orthorhombic,Low symmetry,False,18,0.41822314262390137,163,0.11487387865781784,3,0.07822427153587341,False,2.2904084946457712,0.4211796784367419,0.41822314262390137,0.7921116352081299,0.7921116352081299,0.7921116352081299,0.0
opxrd_823,opxrd,cnn_peaks_gate_no_aug,revision_outputs/missing_ablation_training/cnn_peaks_gate_no_aug/best_checkpoint.pth,gate,no,enabled,no_fls,raw 239 split,823,13,13,14,14,monoclinic,monoclinic,Low symmetry,True,13,0.9442131519317627,18,0.03514115512371063,84,0.0037241762038320303,True,0.3097364106854597,0.05695694988802787,0.9442131519317627,0.9921453595161438,0.9921453595161438,0.9921453595161438,0.0
opxrd_825,opxrd,cnn_peaks_gate_no_aug,revision_outputs/missing_ablation_training/cnn_peaks_gate_no_aug/best_checkpoint.pth,gate,no,enabled,no_fls,raw 239 split,825,3,18,4,19,monoclinic,orthorhombic,Low symmetry,False,18,0.37472769618034363,3,0.3745022416114807,11,0.18108443915843964,True,1.3547463842016059,0.24912221893833722,0.37472769618034363,0.9924142956733704,0.9924142956733704,0.9924142956733704,0.0
opxrd_829,opxrd,cnn_peaks_gate_no_aug,revision_outputs/missing_ablation_training/cnn_peaks_gate_no_aug/best_checkpoint.pth,gate,no,enabled,no_fls,raw 239 split,829,10,10,11,11,monoclinic,monoclinic,Low symmetry,True,10,0.9996846914291382,59,0.00016113539459183812,1,0.0001092669990612194,True,0.003260443715450704,0.0005995579560784873,0.9996846914291382,0.9861393570899963,0.9861393570899963,0.9861393570899963,0.0
opxrd_834,opxrd,cnn_peaks_gate_no_aug,revision_outputs/missing_ablation_training/cnn_peaks_gate_no_aug/best_checkpoint.pth,gate,no,enabled,no_fls,raw 239 split,834,14,166,15,167,monoclinic,trigonal,Low symmetry,False,166,0.3138628304004669,25,0.1933968961238861,187,0.07047806680202484,False,2.5205249531108236,0.46349543835724555,0.3138628304004669,0.9069130420684814,0.9069130420684814,0.9069130420684814,0.0
opxrd_836,opxrd,cnn_peaks_gate_no_aug,revision_outputs/missing_ablation_training/cnn_peaks_gate_no_aug/best_checkpoint.pth,gate,no,enabled,no_fls,raw 239 split,836,11,224,12,225,monoclinic,cubic,Low symmetry,False,224,0.9381647706031799,13,0.029704071581363678,84,0.020277518779039383,False,0.32732380806693706,0.06019106921258768,0.9381647706031799,0.958351194858551,0.958351194858551,0.958351194858551,0.0
opxrd_838,opxrd,cnn_peaks_gate_no_aug,revision_outputs/missing_ablation_training/cnn_peaks_gate_no_aug/best_checkpoint.pth,gate,no,enabled,no_fls,raw 239 split,838,165,140,166,141,trigonal,tetragonal,Medium symmetry,False,140,0.5787582397460938,18,0.16296513378620148,14,0.07351114600896835,False,1.5498124828308544,0.2849926223561708,0.5787582397460938,0.9160668253898621,0.9160668253898621,0.9160668253898621,0.0
opxrd_841,opxrd,cnn_peaks_gate_no_aug,revision_outputs/missing_ablation_training/cnn_peaks_gate_no_aug/best_checkpoint.pth,gate,no,enabled,no_fls,raw 239 split,841,200,200,201,201,cubic,cubic,High symmetry,True,200,0.45774734020233154,147,0.11844612658023834,4,0.051151055842638016,True,2.357045323148665,0.43343342184823486,0.45774734020233154,0.9853690266609192,0.9853690266609192,0.9853690266609192,0.0
opxrd_844,opxrd,cnn_peaks_gate_no_aug,revision_outputs/missing_ablation_training/cnn_peaks_gate_no_aug/best_checkpoint.pth,gate,no,enabled,no_fls,raw 239 split,844,165,165,166,166,trigonal,trigonal,Medium symmetry,True,165,0.8645080924034119,190,0.04129282012581825,87,0.03570019081234932,True,0.6535557921947421,0.12018136460833521,0.8645080924034119,0.9863494038581848,0.9863494038581848,0.9863494038581848,0.0
opxrd_845,opxrd,cnn_peaks_gate_no_aug,revision_outputs/missing_ablation_training/cnn_peaks_gate_no_aug/best_checkpoint.pth,gate,no,enabled,no_fls,raw 239 split,845,14,1,15,2,monoclinic,triclinic,Low symmetry,False,1,0.6951069235801697,3,0.2613372802734375,147,0.03412964567542076,False,0.7767174060081955,0.1428293634360391,0.6951069235801697,0.9793865084648132,0.9793865084648132,0.9793865084648132,0.0
opxrd_846,opxrd,cnn_peaks_gate_no_aug,revision_outputs/missing_ablation_training/cnn_peaks_gate_no_aug/best_checkpoint.pth,gate,no,enabled,no_fls,raw 239 split,846,220,220,221,221,cubic,cubic,High symmetry,True,220,0.8376150727272034,138,0.048035264015197754,139,0.02418864145874977,True,0.8824873784081191,0.16227924020160384,0.8376150727272034,0.8616529107093811,0.8616529107093811,0.8616529107093811,0.0
opxrd_855,opxrd,cnn_peaks_gate_no_aug,revision_outputs/missing_ablation_training/cnn_peaks_gate_no_aug/best_checkpoint.pth,gate,no,enabled,no_fls,raw 239 split,855,13,11,14,12,monoclinic,monoclinic,Low symmetry,False,11,0.35946521162986755,60,0.2273525893688202,181,0.09413070976734161,False,2.1347552549549835,0.3925568447396716,0.35946521162986755,0.9815678000450134,0.9815678000450134,0.9815678000450134,0.0
opxrd_857,opxrd,cnn_peaks_gate_no_aug,revision_outputs/missing_ablation_training/cnn_peaks_gate_no_aug/best_checkpoint.pth,gate,no,enabled,no_fls,raw 239 split,857,224,224,225,225,cubic,cubic,High symmetry,True,224,0.99998939037323,50,7.373862445092527e-06,126,1.986384404517594e-06,True,0.00014233976540361083,2.6174639485314126e-05,0.99998939037323,0.8724827766418457,0.8724827766418457,0.8724827766418457,0.0
opxrd_861,opxrd,cnn_peaks_gate_no_aug,revision_outputs/missing_ablation_training/cnn_peaks_gate_no_aug/best_checkpoint.pth,gate,no,enabled,no_fls,raw 239 split,861,224,224,225,225,cubic,cubic,High symmetry,True,224,0.9999936819076538,50,3.3492697184556164e-06,126,1.4153002894090605e-06,True,8.928906615740354e-05,1.6419228386553972e-05,0.9999936819076538,0.8579692244529724,0.8579692244529724,0.8579692244529724,0.0
opxrd_864,opxrd,cnn_peaks_gate_no_aug,revision_outputs/missing_ablation_training/cnn_peaks_gate_no_aug/best_checkpoint.pth,gate,no,enabled,no_fls,raw 239 split,864,224,224,225,225,cubic,cubic,High symmetry,True,224,0.9999943971633911,50,3.7215106658550212e-06,126,1.1751702686524368e-06,True,7.734012586656834e-05,1.422195622260658e-05,0.9999943971633911,0.8788939714431763,0.8788939714431763,0.8788939714431763,0.0
opxrd_867,opxrd,cnn_peaks_gate_no_aug,revision_outputs/missing_ablation_training/cnn_peaks_gate_no_aug/best_checkpoint.pth,gate,no,enabled,no_fls,raw 239 split,867,224,224,225,225,cubic,cubic,High symmetry,True,224,0.999991774559021,50,7.199081665021367e-06,126,5.058039960204042e-07,True,0.00010775957572442661,1.9815741846134326e-05,0.999991774559021,0.8429313898086548,0.8429313898086548,0.8429313898086548,0.0
opxrd_874,opxrd,cnn_peaks_gate_no_aug,revision_outputs/missing_ablation_training/cnn_peaks_gate_no_aug/best_checkpoint.pth,gate,no,enabled,no_fls,raw 239 split,874,224,224,225,225,cubic,cubic,High symmetry,True,224,0.9999970197677612,50,2.5949645987566328e-06,126,1.5108020079424023e-07,True,4.2056451566143655e-05,7.733695883606253e-06,0.9999970197677612,0.8440547585487366,0.8440547585487366,0.8440547585487366,0.0
opxrd_875,opxrd,cnn_peaks_gate_no_aug,revision_outputs/missing_ablation_training/cnn_peaks_gate_no_aug/best_checkpoint.pth,gate,no,enabled,no_fls,raw 239 split,875,224,224,225,225,cubic,cubic,High symmetry,True,224,0.9999873638153076,50,1.0997336175933015e-05,126,8.304174343720661e-07,True,0.00016173891010033123,2.9741918223762987e-05,0.9999873638153076,0.8414145112037659,0.8414145112037659,0.8414145112037659,0.0
opxrd_879,opxrd,cnn_peaks_gate_no_aug,revision_outputs/missing_ablation_training/cnn_peaks_gate_no_aug/best_checkpoint.pth,gate,no,enabled,no_fls,raw 239 split,879,224,224,225,225,cubic,cubic,High symmetry,True,224,0.9999935626983643,50,5.427594260254409e-06,126,5.411827146417636e-07,True,8.614892161687963e-05,1.584179205983999e-05,0.9999935626983643,0.8595085740089417,0.8595085740089417,0.8595085740089417,0.0
opxrd_885,opxrd,cnn_peaks_gate_no_aug,revision_outputs/missing_ablation_training/cnn_peaks_gate_no_aug/best_checkpoint.pth,gate,no,enabled,no_fls,raw 239 split,885,224,224,225,225,cubic,cubic,High symmetry,True,224,0.9999974966049194,205,1.0668159120541532e-06,50,1.0577166449365905e-06,True,3.841599852292343e-05,7.064258599518338e-06,0.9999974966049194,0.8795650601387024,0.8795650601387024,0.8795650601387024,0.0
opxrd_886,opxrd,cnn_peaks_gate_no_aug,revision_outputs/missing_ablation_training/cnn_peaks_gate_no_aug/best_checkpoint.pth,gate,no,enabled,no_fls,raw 239 split,886,224,224,225,225,cubic,cubic,High symmetry,True,224,0.9999982118606567,50,1.504458282397536e-06,126,9.917661714098358e-08,True,2.580490583345531e-05,4.7452242542900664e-06,0.9999982118606567,0.8520143032073975,0.8520143032073975,0.8520143032073975,0.0
opxrd_888,opxrd,cnn_peaks_gate_no_aug,revision_outputs/missing_ablation_training/cnn_peaks_gate_no_aug/best_checkpoint.pth,gate,no,enabled,no_fls,raw 239 split,888,224,224,225,225,cubic,cubic,High symmetry,True,224,0.9999866485595703,50,9.22876461117994e-06,126,2.510771764718811e-06,True,0.00017680386249583225,3.251218903808917e-05,0.9999866485595703,0.8700399994850159,0.8700399994850159,0.8700399994850159,0.0
opxrd_898,opxrd,cnn_peaks_gate_no_aug,revision_outputs/missing_ablation_training/cnn_peaks_gate_no_aug/best_checkpoint.pth,gate,no,enabled,no_fls,raw 239 split,898,224,224,225,225,cubic,cubic,High symmetry,True,224,0.9999988079071045,50,5.429172915683012e-07,205,3.304864435449417e-07,True,1.830538274115399e-05,3.366148542761631e-06,0.9999988079071045,0.8730483055114746,0.8730483055114746,0.8730483055114746,0.0
opxrd_903,opxrd,cnn_peaks_gate_no_aug,revision_outputs/missing_ablation_training/cnn_peaks_gate_no_aug/best_checkpoint.pth,gate,no,enabled,no_fls,raw 239 split,903,224,224,225,225,cubic,cubic,High symmetry,True,224,0.9999982118606567,50,1.3434658967526047e-06,205,1.8008815061421046e-07,True,2.627575997918449e-05,4.831808895480674e-06,0.9999982118606567,0.8598728179931641,0.8598728179931641,0.8598728179931641,0.0
opxrd_904,opxrd,cnn_peaks_gate_no_aug,revision_outputs/missing_ablation_training/cnn_peaks_gate_no_aug/best_checkpoint.pth,gate,no,enabled,no_fls,raw 239 split,904,224,224,225,225,cubic,cubic,High symmetry,True,224,0.9999938011169434,205,2.9137006549717626e-06,50,1.8536032939664437e-06,True,8.75786632851604e-05,1.6104705045668417e-05,0.9999938011169434,0.8611675500869751,0.8611675500869751,0.8611675500869751,0.0
opxrd_914,opxrd,cnn_peaks_gate_no_aug,revision_outputs/missing_ablation_training/cnn_peaks_gate_no_aug/best_checkpoint.pth,gate,no,enabled,no_fls,raw 239 split,914,224,224,225,225,cubic,cubic,High symmetry,True,224,0.9999955892562866,50,1.698324695098563e-06,205,1.6637028465993353e-06,True,6.442265799592274e-05,1.184658301878999e-05,0.9999955892562866,0.8632344007492065,0.8632344007492065,0.8632344007492065,0.0
opxrd_918,opxrd,cnn_peaks_gate_no_aug,revision_outputs/missing_ablation_training/cnn_peaks_gate_no_aug/best_checkpoint.pth,gate,no,enabled,no_fls,raw 239 split,918,224,224,225,225,cubic,cubic,High symmetry,True,224,0.9999983310699463,50,8.427745683547982e-07,205,5.577772981268936e-07,True,2.6068372577734257e-05,4.79367274672868e-06,0.9999983310699463,0.8785771727561951,0.8785771727561951,0.8785771727561951,0.0
opxrd_920,opxrd,cnn_peaks_gate_no_aug,revision_outputs/missing_ablation_training/cnn_peaks_gate_no_aug/best_checkpoint.pth,gate,no,enabled,no_fls,raw 239 split,920,224,224,225,225,cubic,cubic,High symmetry,True,224,0.9999938011169434,205,3.8120842873468064e-06,50,1.4238441963243531e-06,True,8.697965766043269e-05,1.5994554827052658e-05,0.9999938011169434,0.8801429271697998,0.8801429271697998,0.8801429271697998,0.0
opxrd_923,opxrd,cnn_peaks_gate_no_aug,revision_outputs/missing_ablation_training/cnn_peaks_gate_no_aug/best_checkpoint.pth,gate,no,enabled,no_fls,raw 239 split,923,224,224,225,225,cubic,cubic,High symmetry,True,224,0.999990701675415,205,5.2454352044151165e-06,50,2.1479952465597307e-06,True,0.00012742283694452017,2.3431588563895256e-05,0.999990701675415,0.8630198240280151,0.8630198240280151,0.8630198240280151,0.0
opxrd_924,opxrd,cnn_peaks_gate_no_aug,revision_outputs/missing_ablation_training/cnn_peaks_gate_no_aug/best_checkpoint.pth,gate,no,enabled,no_fls,raw 239 split,924,224,224,225,225,cubic,cubic,High symmetry,True,224,0.9999986886978149,50,1.0175912166232592e-06,205,1.043277180201585e-07,True,1.9332220190649667e-05,3.5549720944540025e-06,0.9999986886978149,0.8603443503379822,0.8603443503379822,0.8603443503379822,0.0
opxrd_926,opxrd,cnn_peaks_gate_no_aug,revision_outputs/missing_ablation_training/cnn_peaks_gate_no_aug/best_checkpoint.pth,gate,no,enabled,no_fls,raw 239 split,926,224,224,225,225,cubic,cubic,High symmetry,True,224,0.9999825954437256,50,1.2285122465982568e-05,126,2.9868140245525865e-06,True,0.00022428132345012053,4.1242745960343655e-05,0.9999825954437256,0.8852173089981079,0.8852173089981079,0.8852173089981079,0.0
opxrd_927,opxrd,cnn_peaks_gate_no_aug,revision_outputs/missing_ablation_training/cnn_peaks_gate_no_aug/best_checkpoint.pth,gate,no,enabled,no_fls,raw 239 split,927,224,224,225,225,cubic,cubic,High symmetry,True,224,0.9999992847442627,50,4.0509681298317446e-07,126,1.5962690724791173e-07,True,1.1170571720972935e-05,2.0541391705419685e-06,0.9999992847442627,0.8772897124290466,0.8772897124290466,0.8772897124290466,0.0
opxrd_932,opxrd,cnn_peaks_gate_no_aug,revision_outputs/missing_ablation_training/cnn_peaks_gate_no_aug/best_checkpoint.pth,gate,no,enabled,no_fls,raw 239 split,932,224,224,225,225,cubic,cubic,High symmetry,True,224,0.9999938011169434,50,3.7180748222453985e-06,126,1.326608185081568e-06,True,8.805478659471607e-05,1.6192258625252006e-05,0.9999938011169434,0.8552473187446594,0.8552473187446594,0.8552473187446594,0.0
opxrd_934,opxrd,cnn_peaks_gate_no_aug,revision_outputs/missing_ablation_training/cnn_peaks_gate_no_aug/best_checkpoint.pth,gate,no,enabled,no_fls,raw 239 split,934,224,224,225,225,cubic,cubic,High symmetry,True,224,0.9999979734420776,205,8.311124020110583e-07,50,7.546464644292428e-07,True,3.1281183607088274e-05,5.752248510932865e-06,0.9999979734420776,0.8724926114082336,0.8724926114082336,0.8724926114082336,0.0
opxrd_943,opxrd,cnn_peaks_gate_no_aug,revision_outputs/missing_ablation_training/cnn_peaks_gate_no_aug/best_checkpoint.pth,gate,no,enabled,no_fls,raw 239 split,943,224,224,225,225,cubic,cubic,High symmetry,True,224,0.9999911785125732,50,5.602557848760625e-06,126,1.7239516409972566e-06,True,0.00012140016584417484,2.2324088882810632e-05,0.9999911785125732,0.8648198246955872,0.8648198246955872,0.8648198246955872,0.0
opxrd_944,opxrd,cnn_peaks_gate_no_aug,revision_outputs/missing_ablation_training/cnn_peaks_gate_no_aug/best_checkpoint.pth,gate,no,enabled,no_fls,raw 239 split,944,224,224,225,225,cubic,cubic,High symmetry,True,224,0.9999955892562866,205,2.447379529257887e-06,50,1.1745207757485332e-06,True,6.220416017570774e-05,1.1438626883142111e-05,0.9999955892562866,0.882699728012085,0.882699728012085,0.882699728012085,0.0
opxrd_946,opxrd,cnn_peaks_gate_no_aug,revision_outputs/missing_ablation_training/cnn_peaks_gate_no_aug/best_checkpoint.pth,gate,no,enabled,no_fls,raw 239 split,946,224,224,225,225,cubic,cubic,High symmetry,True,224,0.9999921321868896,50,6.869138360343641e-06,126,5.286056534714589e-07,True,0.00010294399199941913,1.8930211597043306e-05,0.9999921321868896,0.8533037304878235,0.8533037304878235,0.8533037304878235,0.0
opxrd_947,opxrd,cnn_peaks_gate_no_aug,revision_outputs/missing_ablation_training/cnn_peaks_gate_no_aug/best_checkpoint.pth,gate,no,enabled,no_fls,raw 239 split,947,224,224,225,225,cubic,cubic,High symmetry,True,224,0.9999970197677612,50,1.1452310673121247e-06,205,1.1230717973376159e-06,True,4.449572144291946e-05,8.182249451549493e-06,0.9999970197677612,0.8654326796531677,0.8654326796531677,0.8654326796531677,0.0
opxrd_958,opxrd,cnn_peaks_gate_no_aug,revision_outputs/missing_ablation_training/cnn_peaks_gate_no_aug/best_checkpoint.pth,gate,no,enabled,no_fls,raw 239 split,958,224,224,225,225,cubic,cubic,High symmetry,True,224,0.9999899864196777,50,6.810489594499813e-06,126,1.9463352600723738e-06,True,0.00013607758072221236,2.502309602195878e-05,0.9999899864196777,0.8637945652008057,0.8637945652008057,0.8637945652008057,0.0
opxrd_963,opxrd,cnn_peaks_gate_no_aug,revision_outputs/missing_ablation_training/cnn_peaks_gate_no_aug/best_checkpoint.pth,gate,no,enabled,no_fls,raw 239 split,963,224,224,225,225,cubic,cubic,High symmetry,True,224,0.9999947547912598,205,2.2374038053385448e-06,50,1.8149556808566558e-06,True,7.538715020528906e-05,1.3862826546422069e-05,0.9999947547912598,0.8647992610931396,0.8647992610931396,0.8647992610931396,0.0
opxrd_964,opxrd,cnn_peaks_gate_no_aug,revision_outputs/missing_ablation_training/cnn_peaks_gate_no_aug/best_checkpoint.pth,gate,no,enabled,no_fls,raw 239 split,964,224,224,225,225,cubic,cubic,High symmetry,True,224,0.999998927116394,50,5.352556513571471e-07,205,2.771142249002878e-07,True,1.7259032519059255e-05,3.173736817471452e-06,0.999998927116394,0.872391402721405,0.872391402721405,0.872391402721405,0.0
opxrd_965,opxrd,cnn_peaks_gate_no_aug,revision_outputs/missing_ablation_training/cnn_peaks_gate_no_aug/best_checkpoint.pth,gate,no,enabled,no_fls,raw 239 split,965,224,224,225,225,cubic,cubic,High symmetry,True,224,0.9999982118606567,50,1.4463474826698075e-06,126,1.2318855624471325e-07,True,2.5965677436280103e-05,4.774788295873827e-06,0.9999982118606567,0.8527928590774536,0.8527928590774536,0.8527928590774536,0.0
opxrd_974,opxrd,cnn_peaks_gate_no_aug,revision_outputs/missing_ablation_training/cnn_peaks_gate_no_aug/best_checkpoint.pth,gate,no,enabled,no_fls,raw 239 split,974,224,224,225,225,cubic,cubic,High symmetry,True,224,0.9999924898147583,205,3.963126346206991e-06,50,1.957100039362558e-06,True,0.00010519564489807456,1.9344264568827068e-05,0.9999924898147583,0.8624550104141235,0.8624550104141235,0.8624550104141235,0.0
opxrd_976,opxrd,cnn_peaks_gate_no_aug,revision_outputs/missing_ablation_training/cnn_peaks_gate_no_aug/best_checkpoint.pth,gate,no,enabled,no_fls,raw 239 split,976,224,224,225,225,cubic,cubic,High symmetry,True,224,0.9999986886978149,50,7.61523097025929e-07,126,3.292394126219733e-07,True,2.1914937434698525e-05,4.029903977078617e-06,0.9999986886978149,0.8692706823348999,0.8692706823348999,0.8692706823348999,0.0
opxrd_977,opxrd,cnn_peaks_gate_no_aug,revision_outputs/missing_ablation_training/cnn_peaks_gate_no_aug/best_checkpoint.pth,gate,no,enabled,no_fls,raw 239 split,977,224,224,225,225,cubic,cubic,High symmetry,True,224,0.9999966621398926,205,1.6174434449567343e-06,50,1.1448986469986266e-06,True,4.8902344418345556e-05,8.992576540416216e-06,0.9999966621398926,0.8806720972061157,0.8806720972061157,0.8806720972061157,0.0
opxrd_978,opxrd,cnn_peaks_gate_no_aug,revision_outputs/missing_ablation_training/cnn_peaks_gate_no_aug/best_checkpoint.pth,gate,no,enabled,no_fls,raw 239 split,978,224,224,225,225,cubic,cubic,High symmetry,True,224,0.9999746084213257,50,1.7312686395598575e-05,126,4.832312697544694e-06,True,0.0003205217939478213,5.894025734819385e-05,0.9999746084213257,0.8854353427886963,0.8854353427886963,0.8854353427886963,0.0
opxrd_985,opxrd,cnn_peaks_gate_no_aug,revision_outputs/missing_ablation_training/cnn_peaks_gate_no_aug/best_checkpoint.pth,gate,no,enabled,no_fls,raw 239 split,985,224,224,225,225,cubic,cubic,High symmetry,True,224,0.9999953508377075,50,3.3629419249336934e-06,126,9.318082447862253e-07,True,6.760306022442959e-05,1.2431422269532109e-05,0.9999953508377075,0.8957386016845703,0.8957386016845703,0.8957386016845703,0.0
opxrd_986,opxrd,cnn_peaks_gate_no_aug,revision_outputs/missing_ablation_training/cnn_peaks_gate_no_aug/best_checkpoint.pth,gate,no,enabled,no_fls,raw 239 split,986,224,224,225,225,cubic,cubic,High symmetry,True,224,0.999996542930603,50,3.0242090360843576e-06,126,1.9224718528221274e-07,True,4.881997398594391e-05,8.97742956889881e-06,0.999996542930603,0.8416886925697327,0.8416886925697327,0.8416886925697327,0.0
opxrd_993,opxrd,cnn_peaks_gate_no_aug,revision_outputs/missing_ablation_training/cnn_peaks_gate_no_aug/best_checkpoint.pth,gate,no,enabled,no_fls,raw 239 split,993,224,224,225,225,cubic,cubic,High symmetry,True,224,0.9999983310699463,50,7.175696055128356e-07,205,5.667101845574507e-07,True,2.6398145975530986e-05,4.854314267211034e-06,0.9999983310699463,0.8698104023933411,0.8698104023933411,0.8698104023933411,0.0
opxrd_996,opxrd,cnn_peaks_gate_no_aug,revision_outputs/missing_ablation_training/cnn_peaks_gate_no_aug/best_checkpoint.pth,gate,no,enabled,no_fls,raw 239 split,996,224,224,225,225,cubic,cubic,High symmetry,True,224,0.9999982118606567,50,7.822433758519765e-07,205,6.252285515984113e-07,True,2.898234130571772e-05,5.329517952811278e-06,0.9999982118606567,0.8674999475479126,0.8674999475479126,0.8674999475479126,0.0
opxrd_1002,opxrd,cnn_peaks_gate_no_aug,revision_outputs/missing_ablation_training/cnn_peaks_gate_no_aug/best_checkpoint.pth,gate,no,enabled,no_fls,raw 239 split,1002,224,224,225,225,cubic,cubic,High symmetry,True,224,0.9999966621398926,50,2.349722080907668e-06,205,4.889789693152125e-07,True,4.926591674961525e-05,9.059433294541357e-06,0.9999966621398926,0.8571051359176636,0.8571051359176636,0.8571051359176636,0.0
opxrd_1006,opxrd,cnn_peaks_gate_no_aug,revision_outputs/missing_ablation_training/cnn_peaks_gate_no_aug/best_checkpoint.pth,gate,no,enabled,no_fls,raw 239 split,1006,224,224,225,225,cubic,cubic,High symmetry,True,224,0.9999972581863403,50,2.3548111585114384e-06,126,1.409542278452136e-07,True,3.828191137497363e-05,7.0396015211028444e-06,0.9999972581863403,0.8470649719238281,0.8470649719238281,0.8470649719238281,0.0
opxrd_1007,opxrd,cnn_peaks_gate_no_aug,revision_outputs/missing_ablation_training/cnn_peaks_gate_no_aug/best_checkpoint.pth,gate,no,enabled,no_fls,raw 239 split,1007,224,224,225,225,cubic,cubic,High symmetry,True,224,0.9999988079071045,50,9.308726021117764e-07,205,1.1249212406028164e-07,True,1.8169406182508813e-05,3.3411440235332964e-06,0.9999988079071045,0.8647609353065491,0.8647609353065491,0.8647609353065491,0.0
opxrd_1026,opxrd,cnn_peaks_gate_no_aug,revision_outputs/missing_ablation_training/cnn_peaks_gate_no_aug/best_checkpoint.pth,gate,no,enabled,no_fls,raw 239 split,1026,224,224,225,225,cubic,cubic,High symmetry,True,224,0.9999986886978149,50,9.426073575014016e-07,205,2.2319045456242748e-07,True,2.1082354881348936e-05,3.876801658033099e-06,0.9999986886978149,0.8767912983894348,0.8767912983894348,0.8767912983894348,0.0
opxrd_1033,opxrd,cnn_peaks_gate_no_aug,revision_outputs/missing_ablation_training/cnn_peaks_gate_no_aug/best_checkpoint.pth,gate,no,enabled,no_fls,raw 239 split,1033,224,224,225,225,cubic,cubic,High symmetry,True,224,0.999998927116394,50,6.191942816258234e-07,205,2.3841739960062114e-07,True,1.7553770836905495e-05,3.227935791245632e-06,0.999998927116394,0.8718655109405518,0.8718655109405518,0.8718655109405518,0.0
opxrd_1035,opxrd,cnn_peaks_gate_no_aug,revision_outputs/missing_ablation_training/cnn_peaks_gate_no_aug/best_checkpoint.pth,gate,no,enabled,no_fls,raw 239 split,1035,224,224,225,225,cubic,cubic,High symmetry,True,224,0.9999959468841553,205,1.6215706182265421e-06,50,1.4273359738581348e-06,True,5.857070483602718e-05,1.0770476395943714e-05,0.9999959468841553,0.8627352714538574,0.8627352714538574,0.8627352714538574,0.0
opxrd_1037,opxrd,cnn_peaks_gate_no_aug,revision_outputs/missing_ablation_training/cnn_peaks_gate_no_aug/best_checkpoint.pth,gate,no,enabled,no_fls,raw 239 split,1037,224,224,225,225,cubic,cubic,High symmetry,True,224,0.9999986886978149,50,8.622976110927993e-07,205,2.223686834668115e-07,True,1.9926019684254947e-05,3.6641649656633156e-06,0.9999986886978149,0.8767930865287781,0.8767930865287781,0.8767930865287781,0.0
opxrd_1050,opxrd,cnn_peaks_gate_no_aug,revision_outputs/missing_ablation_training/cnn_peaks_gate_no_aug/best_checkpoint.pth,gate,no,enabled,no_fls,raw 239 split,1050,224,224,225,225,cubic,cubic,High symmetry,True,224,0.9999986886978149,50,8.884548492460453e-07,205,2.6635629524207616e-07,True,2.124235144728696e-05,3.90622317928151e-06,0.9999986886978149,0.876023530960083,0.876023530960083,0.876023530960083,0.0
opxrd_1052,opxrd,cnn_peaks_gate_no_aug,revision_outputs/missing_ablation_training/cnn_peaks_gate_no_aug/best_checkpoint.pth,gate,no,enabled,no_fls,raw 239 split,1052,224,224,225,225,cubic,cubic,High symmetry,True,224,0.9999980926513672,50,1.5740926073704031e-06,126,1.2190359655050997e-07,True,2.7536347927947265e-05,5.063616465240517e-06,0.9999980926513672,0.8515715003013611,0.8515715003013611,0.8515715003013611,0.0
opxrd_1058,opxrd,cnn_peaks_gate_no_aug,revision_outputs/missing_ablation_training/cnn_peaks_gate_no_aug/best_checkpoint.pth,gate,no,enabled,no_fls,raw 239 split,1058,224,224,225,225,cubic,cubic,High symmetry,True,224,0.9999932050704956,50,3.1253109682438662e-06,205,2.0156692244199803e-06,True,9.582780210800736e-05,1.762162643541556e-05,0.9999932050704956,0.8672876954078674,0.8672876954078674,0.8672876954078674,0.0
opxrd_1063,opxrd,cnn_peaks_gate_no_aug,revision_outputs/missing_ablation_training/cnn_peaks_gate_no_aug/best_checkpoint.pth,gate,no,enabled,no_fls,raw 239 split,1063,224,224,225,225,cubic,cubic,High symmetry,True,224,0.999997615814209,50,1.2063204621881596e-06,126,5.854489586454292e-07,True,3.6871683626947145e-05,6.780276919912773e-06,0.999997615814209,0.8621218800544739,0.8621218800544739,0.8621218800544739,0.0
opxrd_1083,opxrd,cnn_peaks_gate_no_aug,revision_outputs/missing_ablation_training/cnn_peaks_gate_no_aug/best_checkpoint.pth,gate,no,enabled,no_fls,raw 239 split,1083,224,224,225,225,cubic,cubic,High symmetry,True,224,0.9999983310699463,50,6.858979304524837e-07,205,6.425717060665193e-07,True,2.701399722460794e-05,4.967562201654803e-06,0.9999983310699463,0.8720871210098267,0.8720871210098267,0.8720871210098267,0.0
opxrd_1084,opxrd,cnn_peaks_gate_no_aug,revision_outputs/missing_ablation_training/cnn_peaks_gate_no_aug/best_checkpoint.pth,gate,no,enabled,no_fls,raw 239 split,1084,224,224,225,225,cubic,cubic,High symmetry,True,224,0.999997615814209,50,1.510620791123074e-06,205,4.3693569296010537e-07,True,3.503262098371592e-05,6.442094532573633e-06,0.999997615814209,0.8706305623054504,0.8706305623054504,0.8706305623054504,0.0
opxrd_1097,opxrd,cnn_peaks_gate_no_aug,revision_outputs/missing_ablation_training/cnn_peaks_gate_no_aug/best_checkpoint.pth,gate,no,enabled,no_fls,raw 239 split,1097,224,224,225,225,cubic,cubic,High symmetry,True,224,0.9999966621398926,50,3.0911915018805303e-06,126,2.038305524365569e-07,True,4.827763156171089e-05,8.877699058653568e-06,0.9999966621398926,0.8595441579818726,0.8595441579818726,0.8595441579818726,0.0
opxrd_1106,opxrd,cnn_peaks_gate_no_aug,revision_outputs/missing_ablation_training/cnn_peaks_gate_no_aug/best_checkpoint.pth,gate,no,enabled,no_fls,raw 239 split,1106,224,224,225,225,cubic,cubic,High symmetry,True,224,0.9999923706054688,50,6.358783593896078e-06,126,6.002611030453409e-07,True,0.00010131902123563011,1.863139823455287e-05,0.9999923706054688,0.842621922492981,0.842621922492981,0.842621922492981,0.0
opxrd_1108,opxrd,cnn_peaks_gate_no_aug,revision_outputs/missing_ablation_training/cnn_peaks_gate_no_aug/best_checkpoint.pth,gate,no,enabled,no_fls,raw 239 split,1108,224,224,225,225,cubic,cubic,High symmetry,True,224,0.9999961853027344,50,3.2762445698608644e-06,126,2.561908161169413e-07,True,5.41012448114057e-05,9.9485942992101e-06,0.9999961853027344,0.8453829288482666,0.8453829288482666,0.8453829288482666,0.0
opxrd_1117,opxrd,cnn_peaks_gate_no_aug,revision_outputs/missing_ablation_training/cnn_peaks_gate_no_aug/best_checkpoint.pth,gate,no,enabled,no_fls,raw 239 split,1117,224,224,225,225,cubic,cubic,High symmetry,True,224,0.9999948740005493,205,2.2368431018549018e-06,50,1.6537501323909964e-06,True,7.311955384331495e-05,1.3445841755807988e-05,0.9999948740005493,0.8617191314697266,0.8617191314697266,0.8617191314697266,0.0
opxrd_1125,opxrd,cnn_peaks_gate_no_aug,revision_outputs/missing_ablation_training/cnn_peaks_gate_no_aug/best_checkpoint.pth,gate,no,enabled,no_fls,raw 239 split,1125,224,224,225,225,cubic,cubic,High symmetry,True,224,0.9999977350234985,50,1.710132664811681e-06,205,2.785515675896022e-07,True,3.438390311567105e-05,6.322802806360592e-06,0.9999977350234985,0.8596433401107788,0.8596433401107788,0.8596433401107788,0.0
opxrd_1136,opxrd,cnn_peaks_gate_no_aug,revision_outputs/missing_ablation_training/cnn_peaks_gate_no_aug/best_checkpoint.pth,gate,no,enabled,no_fls,raw 239 split,1136,224,224,225,225,cubic,cubic,High symmetry,True,224,0.9999982118606567,50,1.0451982461745501e-06,205,4.2581498860272404e-07,True,2.6910047576134918e-05,4.948447061442991e-06,0.9999982118606567,0.8764990568161011,0.8764990568161011,0.8764990568161011,0.0
opxrd_1138,opxrd,cnn_peaks_gate_no_aug,revision_outputs/missing_ablation_training/cnn_peaks_gate_no_aug/best_checkpoint.pth,gate,no,enabled,no_fls,raw 239 split,1138,224,224,225,225,cubic,cubic,High symmetry,True,224,0.9999868869781494,205,7.507564987463411e-06,50,2.93287757813232e-06,True,0.00017483040966665737,3.2149293847146167e-05,0.9999868869781494,0.8588818311691284,0.8588818311691284,0.8588818311691284,0.0
opxrd_1141,opxrd,cnn_peaks_gate_no_aug,revision_outputs/missing_ablation_training/cnn_peaks_gate_no_aug/best_checkpoint.pth,gate,no,enabled,no_fls,raw 239 split,1141,224,224,225,225,cubic,cubic,High symmetry,True,224,0.999927282333374,50,5.3662690334022045e-05,126,1.2781404620909598e-05,True,0.0008304307329178365,0.00015270662411178988,0.999927282333374,0.8373157978057861,0.8373157978057861,0.8373157978057861,0.0
opxrd_1144,opxrd,cnn_peaks_gate_no_aug,revision_outputs/missing_ablation_training/cnn_peaks_gate_no_aug/best_checkpoint.pth,gate,no,enabled,no_fls,raw 239 split,1144,224,224,225,225,cubic,cubic,High symmetry,True,224,0.9999980926513672,50,7.98070402652229e-07,205,7.481977490897407e-07,True,3.0984995847166435e-05,5.6977830014953995e-06,0.9999980926513672,0.8690646290779114,0.8690646290779114,0.8690646290779114,0.0
opxrd_1156,opxrd,cnn_peaks_gate_no_aug,revision_outputs/missing_ablation_training/cnn_peaks_gate_no_aug/best_checkpoint.pth,gate,no,enabled,no_fls,raw 239 split,1156,224,224,225,225,cubic,cubic,High symmetry,True,224,0.9999935626983643,50,3.277239102317253e-06,126,1.481004119341378e-06,True,9.134030138028063e-05,1.6796426861668388e-05,0.9999935626983643,0.8555253148078918,0.8555253148078918,0.8555253148078918,0.0
opxrd_1157,opxrd,cnn_peaks_gate_no_aug,revision_outputs/missing_ablation_training/cnn_peaks_gate_no_aug/best_checkpoint.pth,gate,no,enabled,no_fls,raw 239 split,1157,224,224,225,225,cubic,cubic,High symmetry,True,224,0.9999957084655762,50,3.6960850593459327e-06,126,2.952642432774155e-07,True,6.055361221896135e-05,1.1135110170166255e-05,0.9999957084655762,0.840691089630127,0.840691089630127,0.840691089630127,0.0
opxrd_1160,opxrd,cnn_peaks_gate_no_aug,revision_outputs/missing_ablation_training/cnn_peaks_gate_no_aug/best_checkpoint.pth,gate,no,enabled,no_fls,raw 239 split,1160,224,224,225,225,cubic,cubic,High symmetry,True,224,0.9999920129776001,50,3.314281002531061e-06,205,2.622329702717252e-06,True,0.00011229398092751222,2.0649566611368117e-05,0.9999920129776001,0.8551017642021179,0.8551017642021179,0.8551017642021179,0.0
opxrd_1163,opxrd,cnn_peaks_gate_no_aug,revision_outputs/missing_ablation_training/cnn_peaks_gate_no_aug/best_checkpoint.pth,gate,no,enabled,no_fls,raw 239 split,1163,224,224,225,225,cubic,cubic,High symmetry,True,224,0.9999964237213135,50,2.1015273432567483e-06,126,7.385128810710739e-07,True,5.306799829325904e-05,9.758592193788202e-06,0.9999964237213135,0.8681570887565613,0.8681570887565613,0.8681570887565613,0.0
opxrd_1172,opxrd,cnn_peaks_gate_no_aug,revision_outputs/missing_ablation_training/cnn_peaks_gate_no_aug/best_checkpoint.pth,gate,no,enabled,no_fls,raw 239 split,1172,224,224,225,225,cubic,cubic,High symmetry,True,224,0.999997615814209,50,1.6530782431800617e-06,126,4.949944809595763e-07,True,3.538671723811847e-05,6.507208745568196e-06,0.999997615814209,0.8802022337913513,0.8802022337913513,0.8802022337913513,0.0
opxrd_1185,opxrd,cnn_peaks_gate_no_aug,revision_outputs/missing_ablation_training/cnn_peaks_gate_no_aug/best_checkpoint.pth,gate,no,enabled,no_fls,raw 239 split,1185,224,224,225,225,cubic,cubic,High symmetry,True,224,0.999987006187439,205,8.419172445428558e-06,50,2.1869316242373316e-06,True,0.00017167497679740685,3.156904617328954e-05,0.999987006187439,0.8657143712043762,0.8657143712043762,0.8657143712043762,0.0
opxrd_1186,opxrd,cnn_peaks_gate_no_aug,revision_outputs/missing_ablation_training/cnn_peaks_gate_no_aug/best_checkpoint.pth,gate,no,enabled,no_fls,raw 239 split,1186,224,224,225,225,cubic,cubic,High symmetry,True,224,0.9999988079071045,50,9.801193527891883e-07,205,1.388648485090016e-07,True,1.955311773714117e-05,3.5955926028987833e-06,0.9999988079071045,0.8660093545913696,0.8660093545913696,0.8660093545913696,0.0
