sample_id,dataset,model_name,checkpoint_path,index,true_label,pred_label,true_sg,pred_sg,true_crystal_system,pred_crystal_system,symmetry_level,correct,top1_label,top1_prob,top2_label,top2_prob,top3_label,top3_prob,top3_hit,predictive_entropy,normalized_predictive_entropy,max_probability,gate_weight,gate_mean,gate_median,gate_std,gate_min,gate_max,uncertainty_source
opxrd_0,opxrd,ablation3_cnn_aug_peaks_concat,training_results/ablation/ablation3_model.pth,0,224,216,225,217,cubic,cubic,High symmetry,False,216,0.72452384,13,0.14009416,68,0.09120436,False,0.9706669281560237,0.1784944413302842,0.72452384,,,,,,,single_softmax
opxrd_1,opxrd,ablation3_cnn_aug_peaks_concat,training_results/ablation/ablation3_model.pth,1,87,87,88,88,tetragonal,tetragonal,Medium symmetry,True,87,0.99349254,120,0.0023851097,215,0.0020514012,True,0.05010213099335833,0.009213203439520845,0.99349254,,,,,,,single_softmax
opxrd_7,opxrd,ablation3_cnn_aug_peaks_concat,training_results/ablation/ablation3_model.pth,7,60,1,61,2,orthorhombic,triclinic,Low symmetry,False,1,0.5209445,128,0.2148712,28,0.080599464,False,1.5751730579332197,0.2896561393189984,0.5209445,,,,,,,single_softmax
opxrd_15,opxrd,ablation3_cnn_aug_peaks_concat,training_results/ablation/ablation3_model.pth,15,220,62,221,63,cubic,orthorhombic,High symmetry,False,62,0.5091587,25,0.17121665,139,0.10071717,False,1.8378150764011434,0.337952974202771,0.5091587,,,,,,,single_softmax
opxrd_22,opxrd,ablation3_cnn_aug_peaks_concat,training_results/ablation/ablation3_model.pth,22,215,226,216,227,cubic,cubic,High symmetry,False,226,0.98858786,138,0.002544117,14,0.002049223,False,0.09127837344767922,0.016785039029846998,0.98858786,,,,,,,single_softmax
opxrd_28,opxrd,ablation3_cnn_aug_peaks_concat,training_results/ablation/ablation3_model.pth,28,14,73,15,74,monoclinic,orthorhombic,Low symmetry,False,73,0.99518716,14,0.0044321828,1,0.00020985432,True,0.03250037659823112,0.005976444025908585,0.99518716,,,,,,,single_softmax
opxrd_32,opxrd,ablation3_cnn_aug_peaks_concat,training_results/ablation/ablation3_model.pth,32,13,60,14,61,monoclinic,orthorhombic,Low symmetry,False,60,0.77063465,1,0.05802283,11,0.04027961,False,1.1199130660776722,0.2059390829846923,0.77063465,,,,,,,single_softmax
opxrd_35,opxrd,ablation3_cnn_aug_peaks_concat,training_results/ablation/ablation3_model.pth,35,1,13,2,14,triclinic,monoclinic,Low symmetry,False,13,0.5584566,1,0.21383746,59,0.14112754,True,1.2417999223304286,0.2283526686145958,0.5584566,,,,,,,single_softmax
opxrd_36,opxrd,ablation3_cnn_aug_peaks_concat,training_results/ablation/ablation3_model.pth,36,162,162,163,163,trigonal,trigonal,Medium symmetry,True,162,0.4924241,60,0.33460036,18,0.093943596,True,1.3684803796789087,0.2516477421418637,0.4924241,,,,,,,single_softmax
opxrd_37,opxrd,ablation3_cnn_aug_peaks_concat,training_results/ablation/ablation3_model.pth,37,10,10,11,11,monoclinic,monoclinic,Low symmetry,True,10,0.99975234,59,0.00019971974,1,2.1911892e-05,True,0.0025242567373115494,0.00046418167038674214,0.99975234,,,,,,,single_softmax
opxrd_38,opxrd,ablation3_cnn_aug_peaks_concat,training_results/ablation/ablation3_model.pth,38,12,1,13,2,monoclinic,triclinic,Low symmetry,False,1,0.62049985,11,0.30401558,32,0.057363164,False,0.9138200209776425,0.16804095142161318,0.62049985,,,,,,,single_softmax
opxrd_46,opxrd,ablation3_cnn_aug_peaks_concat,training_results/ablation/ablation3_model.pth,46,147,147,148,148,trigonal,trigonal,Medium symmetry,True,147,0.9999814,174,6.0692287e-06,12,5.8483433e-06,True,0.0002528175949286629,4.6490236822001e-05,0.9999814,,,,,,,single_softmax
opxrd_53,opxrd,ablation3_cnn_aug_peaks_concat,training_results/ablation/ablation3_model.pth,53,138,138,139,139,tetragonal,tetragonal,Medium symmetry,True,138,0.9870799,220,0.0027375224,166,0.0022705065,True,0.10021851559807901,0.018429027953607294,0.9870799,,,,,,,single_softmax
opxrd_61,opxrd,ablation3_cnn_aug_peaks_concat,training_results/ablation/ablation3_model.pth,61,13,10,14,11,monoclinic,monoclinic,Low symmetry,False,10,0.43785384,13,0.26893857,1,0.06704152,True,1.8421638743224917,0.33875266793180736,0.43785384,,,,,,,single_softmax
opxrd_68,opxrd,ablation3_cnn_aug_peaks_concat,training_results/ablation/ablation3_model.pth,68,59,59,60,60,orthorhombic,orthorhombic,Low symmetry,True,59,0.99999976,13,5.543938e-08,60,4.434715e-08,True,2.9087844363444467e-06,5.348918747050088e-07,0.99999976,,,,,,,single_softmax
opxrd_76,opxrd,ablation3_cnn_aug_peaks_concat,training_results/ablation/ablation3_model.pth,76,128,128,129,129,tetragonal,tetragonal,Medium symmetry,True,128,0.9999832,204,8.171526e-06,87,2.8290608e-06,True,0.00023112117296260164,4.250051531675186e-05,0.9999832,,,,,,,single_softmax
opxrd_83,opxrd,ablation3_cnn_aug_peaks_concat,training_results/ablation/ablation3_model.pth,83,1,2,2,3,triclinic,monoclinic,Low symmetry,False,2,0.5822251,18,0.1780942,1,0.12690905,True,1.2552581097547875,0.23082747390150576,0.5822251,,,,,,,single_softmax
opxrd_85,opxrd,ablation3_cnn_aug_peaks_concat,training_results/ablation/ablation3_model.pth,85,202,202,203,203,cubic,cubic,High symmetry,True,202,0.99998677,198,4.8518123e-06,87,4.66161e-06,True,0.00018312215330893773,3.3674049771296564e-05,0.99998677,,,,,,,single_softmax
opxrd_94,opxrd,ablation3_cnn_aug_peaks_concat,training_results/ablation/ablation3_model.pth,94,14,14,15,15,monoclinic,monoclinic,Low symmetry,True,14,0.6065268,10,0.27086315,1,0.03977746,True,1.206495956268349,0.22186067685490404,0.6065268,,,,,,,single_softmax
opxrd_97,opxrd,ablation3_cnn_aug_peaks_concat,training_results/ablation/ablation3_model.pth,97,14,1,15,2,monoclinic,triclinic,Low symmetry,False,1,0.9972843,18,0.0026974557,73,4.366393e-06,False,0.018910495743759116,0.0034774218376567995,0.9972843,,,,,,,single_softmax
opxrd_98,opxrd,ablation3_cnn_aug_peaks_concat,training_results/ablation/ablation3_model.pth,98,1,1,2,2,triclinic,triclinic,Low symmetry,True,1,0.25850332,57,0.2492844,18,0.10461982,True,2.406190626166243,0.44247067566999077,0.25850332,,,,,,,single_softmax
opxrd_106,opxrd,ablation3_cnn_aug_peaks_concat,training_results/ablation/ablation3_model.pth,106,10,10,11,11,monoclinic,monoclinic,Low symmetry,True,10,0.9996979,59,0.00015864402,1,0.00010938166,True,0.003139237562396713,0.0005772695439078323,0.9996979,,,,,,,single_softmax
opxrd_114,opxrd,ablation3_cnn_aug_peaks_concat,training_results/ablation/ablation3_model.pth,114,32,128,33,129,orthorhombic,tetragonal,Low symmetry,False,128,0.22722758,1,0.22249587,165,0.077278905,False,2.746007022801943,0.5049589876881889,0.22722758,,,,,,,single_softmax
opxrd_119,opxrd,ablation3_cnn_aug_peaks_concat,training_results/ablation/ablation3_model.pth,119,61,61,62,62,orthorhombic,orthorhombic,Low symmetry,True,61,0.9986749,62,0.0006518236,59,0.0005968423,True,0.011453631453195286,0.0021061905872540947,0.9986749,,,,,,,single_softmax
opxrd_120,opxrd,ablation3_cnn_aug_peaks_concat,training_results/ablation/ablation3_model.pth,120,3,1,4,2,monoclinic,triclinic,Low symmetry,False,1,0.98171186,165,0.0055950605,10,0.0044237194,False,0.1244763690370269,0.02288976713391749,0.98171186,,,,,,,single_softmax
opxrd_124,opxrd,ablation3_cnn_aug_peaks_concat,training_results/ablation/ablation3_model.pth,124,18,87,19,88,orthorhombic,tetragonal,Low symmetry,False,87,0.49968186,202,0.20995787,4,0.1596877,False,1.5102964178003662,0.2777260742266414,0.49968186,,,,,,,single_softmax
opxrd_125,opxrd,ablation3_cnn_aug_peaks_concat,training_results/ablation/ablation3_model.pth,125,223,204,224,205,cubic,cubic,High symmetry,False,204,0.84507453,192,0.026651824,224,0.024452766,False,0.9078477019285826,0.16694271090142435,0.84507453,,,,,,,single_softmax
opxrd_127,opxrd,ablation3_cnn_aug_peaks_concat,training_results/ablation/ablation3_model.pth,127,10,10,11,11,monoclinic,monoclinic,Low symmetry,True,10,0.99936515,59,0.0005013833,1,4.0918178e-05,True,0.00593350662692442,0.0010911033638638355,0.99936515,,,,,,,single_softmax
opxrd_150,opxrd,ablation3_cnn_aug_peaks_concat,training_results/ablation/ablation3_model.pth,150,14,73,15,74,monoclinic,orthorhombic,Low symmetry,False,73,0.99348044,14,0.0061101546,1,0.00022956495,True,0.041581504415306135,0.0076463585860316865,0.99348044,,,,,,,single_softmax
opxrd_152,opxrd,ablation3_cnn_aug_peaks_concat,training_results/ablation/ablation3_model.pth,152,13,13,14,14,monoclinic,monoclinic,Low symmetry,True,13,0.9797707,18,0.007935148,163,0.0044865236,True,0.14112554776751002,0.025951358880688072,0.9797707,,,,,,,single_softmax
opxrd_168,opxrd,ablation3_cnn_aug_peaks_concat,training_results/ablation/ablation3_model.pth,168,226,226,227,227,cubic,cubic,High symmetry,True,226,0.9926131,138,0.0023308794,62,0.0012843872,True,0.061188627971319326,0.01125188223550116,0.9926131,,,,,,,single_softmax
opxrd_170,opxrd,ablation3_cnn_aug_peaks_concat,training_results/ablation/ablation3_model.pth,170,59,59,60,60,orthorhombic,orthorhombic,Low symmetry,True,59,0.9999949,60,1.6758565e-06,25,1.288405e-06,True,7.572335852053789e-05,1.3924651373930038e-05,0.9999949,,,,,,,single_softmax
opxrd_178,opxrd,ablation3_cnn_aug_peaks_concat,training_results/ablation/ablation3_model.pth,178,192,192,193,193,hexagonal,hexagonal,Medium symmetry,True,192,0.99172664,165,0.0029312305,45,0.0013225416,True,0.06861490628867772,0.012617489078559299,0.99172664,,,,,,,single_softmax
opxrd_184,opxrd,ablation3_cnn_aug_peaks_concat,training_results/ablation/ablation3_model.pth,184,13,13,14,14,monoclinic,monoclinic,Low symmetry,True,13,0.9620592,35,0.01383906,18,0.012667284,True,0.2306303327667651,0.04241025547169385,0.9620592,,,,,,,single_softmax
opxrd_187,opxrd,ablation3_cnn_aug_peaks_concat,training_results/ablation/ablation3_model.pth,187,124,124,125,125,tetragonal,tetragonal,Medium symmetry,True,124,0.9994711,91,0.00017660877,59,0.00010662025,True,0.005628913893493991,0.0010350922768370921,0.9994711,,,,,,,single_softmax
opxrd_189,opxrd,ablation3_cnn_aug_peaks_concat,training_results/ablation/ablation3_model.pth,189,1,59,2,60,triclinic,orthorhombic,Low symmetry,False,59,0.19678228,91,0.16048002,192,0.14308491,False,2.9820832306619787,0.5483706767146187,0.19678228,,,,,,,single_softmax
opxrd_200,opxrd,ablation3_cnn_aug_peaks_concat,training_results/ablation/ablation3_model.pth,200,73,1,74,2,orthorhombic,triclinic,Low symmetry,False,1,0.41326335,18,0.25731218,197,0.087789394,False,2.0441718795893777,0.37589960783307297,0.41326335,,,,,,,single_softmax
opxrd_201,opxrd,ablation3_cnn_aug_peaks_concat,training_results/ablation/ablation3_model.pth,201,13,13,14,14,monoclinic,monoclinic,Low symmetry,True,13,0.9000092,35,0.050017346,18,0.033588145,True,0.4636201537139988,0.08525439357849326,0.9000092,,,,,,,single_softmax
opxrd_203,opxrd,ablation3_cnn_aug_peaks_concat,training_results/ablation/ablation3_model.pth,203,70,87,71,88,orthorhombic,tetragonal,Low symmetry,False,87,0.09965338,13,0.04616196,192,0.042716347,False,4.2224630656149476,0.7764622076560052,0.09965338,,,,,,,single_softmax
opxrd_211,opxrd,ablation3_cnn_aug_peaks_concat,training_results/ablation/ablation3_model.pth,211,61,61,62,62,orthorhombic,orthorhombic,Low symmetry,True,61,0.8627242,138,0.052861378,13,0.028518267,True,0.6768064644460181,0.12445689479656262,0.8627242,,,,,,,single_softmax
opxrd_212,opxrd,ablation3_cnn_aug_peaks_concat,training_results/ablation/ablation3_model.pth,212,128,128,129,129,tetragonal,tetragonal,Medium symmetry,True,128,0.9996729,204,8.9445384e-05,13,5.9231814e-05,True,0.003745877857264752,0.0006888236902169197,0.9996729,,,,,,,single_softmax
opxrd_213,opxrd,ablation3_cnn_aug_peaks_concat,training_results/ablation/ablation3_model.pth,213,73,1,74,2,orthorhombic,triclinic,Low symmetry,False,1,0.81704646,13,0.14393114,18,0.017028775,False,0.6361351168252508,0.11697790353690395,0.81704646,,,,,,,single_softmax
opxrd_231,opxrd,ablation3_cnn_aug_peaks_concat,training_results/ablation/ablation3_model.pth,231,3,3,4,4,monoclinic,monoclinic,Low symmetry,True,3,0.9063588,18,0.026252134,1,0.023965826,True,0.4954209030258681,0.09110218422393096,0.9063588,,,,,,,single_softmax
opxrd_232,opxrd,ablation3_cnn_aug_peaks_concat,training_results/ablation/ablation3_model.pth,232,147,10,148,11,trigonal,monoclinic,Medium symmetry,False,10,0.29767495,87,0.16903844,13,0.13774927,False,2.0974384097046097,0.3856947077367887,0.29767495,,,,,,,single_softmax
opxrd_239,opxrd,ablation3_cnn_aug_peaks_concat,training_results/ablation/ablation3_model.pth,239,175,175,176,176,hexagonal,hexagonal,Medium symmetry,True,175,0.8376855,163,0.018736193,12,0.011427669,True,1.0409314819092612,0.19141528153170279,0.8376855,,,,,,,single_softmax
opxrd_247,opxrd,ablation3_cnn_aug_peaks_concat,training_results/ablation/ablation3_model.pth,247,18,18,19,19,orthorhombic,orthorhombic,Low symmetry,True,18,0.9965412,1,0.0016252386,204,0.00052457745,True,0.02983071780736568,0.005485524596601096,0.9965412,,,,,,,single_softmax
opxrd_252,opxrd,ablation3_cnn_aug_peaks_concat,training_results/ablation/ablation3_model.pth,252,35,35,36,36,orthorhombic,orthorhombic,Low symmetry,True,35,0.9482771,18,0.019854186,32,0.011950728,True,0.29822458372841265,0.05484005781950699,0.9482771,,,,,,,single_softmax
opxrd_255,opxrd,ablation3_cnn_aug_peaks_concat,training_results/ablation/ablation3_model.pth,255,13,60,14,61,monoclinic,orthorhombic,Low symmetry,False,60,0.7028326,1,0.12859622,12,0.03947874,False,1.2377605872069446,0.22760988152120862,0.7028326,,,,,,,single_softmax
opxrd_264,opxrd,ablation3_cnn_aug_peaks_concat,training_results/ablation/ablation3_model.pth,264,59,59,60,60,orthorhombic,orthorhombic,Low symmetry,True,59,0.9999994,60,1.684937e-07,13,1.4456023e-07,True,9.836243407966087e-06,1.8087715991611348e-06,0.9999994,,,,,,,single_softmax
opxrd_267,opxrd,ablation3_cnn_aug_peaks_concat,training_results/ablation/ablation3_model.pth,267,220,220,221,221,cubic,cubic,High symmetry,True,220,0.63539046,1,0.2988777,136,0.022172129,True,0.9777723850108959,0.17980105281040973,0.63539046,,,,,,,single_softmax
opxrd_276,opxrd,ablation3_cnn_aug_peaks_concat,training_results/ablation/ablation3_model.pth,276,14,59,15,60,monoclinic,orthorhombic,Low symmetry,False,59,0.32298398,13,0.31075802,228,0.09314935,False,2.075458312677992,0.38165282166305103,0.32298398,,,,,,,single_softmax
opxrd_283,opxrd,ablation3_cnn_aug_peaks_concat,training_results/ablation/ablation3_model.pth,283,1,1,2,2,triclinic,triclinic,Low symmetry,True,1,0.15204865,87,0.13693607,59,0.11546812,True,3.1481815107474813,0.5789142327478962,0.15204865,,,,,,,single_softmax
opxrd_285,opxrd,ablation3_cnn_aug_peaks_concat,training_results/ablation/ablation3_model.pth,285,32,1,33,2,orthorhombic,triclinic,Low symmetry,False,1,0.9827015,18,0.01481879,13,0.0013295404,False,0.09928228941961426,0.018256866768512306,0.9827015,,,,,,,single_softmax
opxrd_286,opxrd,ablation3_cnn_aug_peaks_concat,training_results/ablation/ablation3_model.pth,286,128,128,129,129,tetragonal,tetragonal,Medium symmetry,True,128,0.9999721,87,9.290842e-06,204,6.8183544e-06,True,0.0003718894421238959,6.83861747866885e-05,0.9999721,,,,,,,single_softmax
opxrd_289,opxrd,ablation3_cnn_aug_peaks_concat,training_results/ablation/ablation3_model.pth,289,32,32,33,33,orthorhombic,orthorhombic,Low symmetry,True,32,0.7869748,35,0.11783093,42,0.07211483,True,0.7581625885125202,0.13941734672175007,0.7869748,,,,,,,single_softmax
opxrd_294,opxrd,ablation3_cnn_aug_peaks_concat,training_results/ablation/ablation3_model.pth,294,204,204,205,205,cubic,cubic,High symmetry,True,204,0.940789,224,0.019068273,31,0.0057675885,True,0.3968968444196669,0.07298474734791192,0.940789,,,,,,,single_softmax
opxrd_304,opxrd,ablation3_cnn_aug_peaks_concat,training_results/ablation/ablation3_model.pth,304,13,1,14,2,monoclinic,triclinic,Low symmetry,False,1,0.68018025,11,0.07587304,18,0.024517601,False,1.677129535295788,0.30840475837559633,0.68018025,,,,,,,single_softmax
opxrd_309,opxrd,ablation3_cnn_aug_peaks_concat,training_results/ablation/ablation3_model.pth,309,14,18,15,19,monoclinic,orthorhombic,Low symmetry,False,18,0.88710225,1,0.10958581,4,0.0012568149,False,0.374734004186569,0.06890925690834965,0.88710225,,,,,,,single_softmax
opxrd_310,opxrd,ablation3_cnn_aug_peaks_concat,training_results/ablation/ablation3_model.pth,310,61,61,62,62,orthorhombic,orthorhombic,Low symmetry,True,61,0.868026,13,0.058052145,138,0.029309347,True,0.6370482626291722,0.11714582050759303,0.868026,,,,,,,single_softmax
opxrd_312,opxrd,ablation3_cnn_aug_peaks_concat,training_results/ablation/ablation3_model.pth,312,141,163,142,164,tetragonal,trigonal,Medium symmetry,False,163,0.16996065,61,0.053857367,18,0.04784618,False,3.6409958102250055,0.66953709267362,0.16996065,,,,,,,single_softmax
opxrd_314,opxrd,ablation3_cnn_aug_peaks_concat,training_results/ablation/ablation3_model.pth,314,226,226,227,227,cubic,cubic,High symmetry,True,226,0.95467967,138,0.026766049,145,0.0049160155,True,0.2686842771695467,0.04940793649858508,0.95467967,,,,,,,single_softmax
opxrd_315,opxrd,ablation3_cnn_aug_peaks_concat,training_results/ablation/ablation3_model.pth,315,59,59,60,60,orthorhombic,orthorhombic,Low symmetry,True,59,0.9999963,228,1.1037956e-06,60,1.0539676e-06,True,5.8033561869051785e-05,1.0671702005858226e-05,0.9999963,,,,,,,single_softmax
opxrd_328,opxrd,ablation3_cnn_aug_peaks_concat,training_results/ablation/ablation3_model.pth,328,62,12,63,13,orthorhombic,monoclinic,Low symmetry,False,12,0.88286805,69,0.081319556,197,0.008835595,False,0.529037342143944,0.09728385926182818,0.88286805,,,,,,,single_softmax
opxrd_334,opxrd,ablation3_cnn_aug_peaks_concat,training_results/ablation/ablation3_model.pth,334,147,147,148,148,trigonal,trigonal,Medium symmetry,True,147,0.99998176,138,1.2101111e-05,12,3.591219e-06,True,0.00023818286201683818,4.379907840365815e-05,0.99998176,,,,,,,single_softmax
opxrd_338,opxrd,ablation3_cnn_aug_peaks_concat,training_results/ablation/ablation3_model.pth,338,220,70,221,71,cubic,orthorhombic,High symmetry,False,70,0.97346526,220,0.017311297,139,0.0026144935,True,0.15554527158395048,0.02860297960876012,0.97346526,,,,,,,single_softmax
opxrd_343,opxrd,ablation3_cnn_aug_peaks_concat,training_results/ablation/ablation3_model.pth,343,73,64,74,65,orthorhombic,orthorhombic,Low symmetry,False,64,0.61673343,139,0.27580333,61,0.025277544,False,1.1638702215116334,0.2140222963651653,0.61673343,,,,,,,single_softmax
opxrd_344,opxrd,ablation3_cnn_aug_peaks_concat,training_results/ablation/ablation3_model.pth,344,60,60,61,61,orthorhombic,orthorhombic,Low symmetry,True,60,0.9995091,62,9.857864e-05,25,7.5284246e-05,True,0.005668112179555288,0.0010423003890830788,0.9995091,,,,,,,single_softmax
opxrd_345,opxrd,ablation3_cnn_aug_peaks_concat,training_results/ablation/ablation3_model.pth,345,84,18,85,19,tetragonal,orthorhombic,Medium symmetry,False,18,0.7381019,1,0.10470337,204,0.04584051,False,1.211207557886448,0.22272708599505173,0.7381019,,,,,,,single_softmax
opxrd_346,opxrd,ablation3_cnn_aug_peaks_concat,training_results/ablation/ablation3_model.pth,346,224,224,225,225,cubic,cubic,High symmetry,True,224,0.9842525,220,0.005191258,70,0.004946834,True,0.11055760970822448,0.02033026799127654,0.9842525,,,,,,,single_softmax
opxrd_347,opxrd,ablation3_cnn_aug_peaks_concat,training_results/ablation/ablation3_model.pth,347,14,14,15,15,monoclinic,monoclinic,Low symmetry,True,14,0.8574976,204,0.036230747,71,0.016691346,True,0.775751890636734,0.14265181630650806,0.8574976,,,,,,,single_softmax
opxrd_350,opxrd,ablation3_cnn_aug_peaks_concat,training_results/ablation/ablation3_model.pth,350,13,32,14,33,monoclinic,orthorhombic,Low symmetry,False,32,0.62791795,18,0.07312074,28,0.0639346,False,1.6987607779403375,0.3123824941561421,0.62791795,,,,,,,single_softmax
opxrd_352,opxrd,ablation3_cnn_aug_peaks_concat,training_results/ablation/ablation3_model.pth,352,14,18,15,19,monoclinic,orthorhombic,Low symmetry,False,18,0.2822216,59,0.2648485,60,0.11876968,False,2.2483127437345876,0.41343875585731027,0.2822216,,,,,,,single_softmax
opxrd_355,opxrd,ablation3_cnn_aug_peaks_concat,training_results/ablation/ablation3_model.pth,355,166,204,167,205,trigonal,cubic,Medium symmetry,False,204,0.45580232,1,0.09979644,4,0.07630749,False,2.4666803627050453,0.45359403984004737,0.45580232,,,,,,,single_softmax
opxrd_357,opxrd,ablation3_cnn_aug_peaks_concat,training_results/ablation/ablation3_model.pth,357,3,3,4,4,monoclinic,monoclinic,Low symmetry,True,3,0.5543552,163,0.28306425,13,0.10114132,True,1.1955994810024355,0.21985694085788873,0.5543552,,,,,,,single_softmax
opxrd_360,opxrd,ablation3_cnn_aug_peaks_concat,training_results/ablation/ablation3_model.pth,360,226,163,227,164,cubic,trigonal,High symmetry,False,163,0.4347867,3,0.3758192,13,0.09236395,False,1.3888223238695518,0.2553883908222286,0.4347867,,,,,,,single_softmax
opxrd_369,opxrd,ablation3_cnn_aug_peaks_concat,training_results/ablation/ablation3_model.pth,369,120,120,121,121,tetragonal,tetragonal,Medium symmetry,True,120,0.73360497,87,0.22545095,215,0.021829622,True,0.7568851791760647,0.13918244589300352,0.73360497,,,,,,,single_softmax
opxrd_373,opxrd,ablation3_cnn_aug_peaks_concat,training_results/ablation/ablation3_model.pth,373,1,14,2,15,triclinic,monoclinic,Low symmetry,False,14,0.3613514,1,0.06584549,162,0.06181012,True,2.830278682938782,0.5204555730356222,0.3613514,,,,,,,single_softmax
opxrd_379,opxrd,ablation3_cnn_aug_peaks_concat,training_results/ablation/ablation3_model.pth,379,71,71,72,72,orthorhombic,orthorhombic,Low symmetry,True,71,0.99814546,13,0.00094088615,185,0.000640781,True,0.015941262847860342,0.002931414189142619,0.99814546,,,,,,,single_softmax
opxrd_381,opxrd,ablation3_cnn_aug_peaks_concat,training_results/ablation/ablation3_model.pth,381,160,17,161,18,trigonal,orthorhombic,Medium symmetry,False,17,0.44306833,11,0.323243,1,0.07191586,False,1.4858739257650733,0.27323505990928515,0.44306833,,,,,,,single_softmax
opxrd_392,opxrd,ablation3_cnn_aug_peaks_concat,training_results/ablation/ablation3_model.pth,392,28,197,29,198,orthorhombic,cubic,Low symmetry,False,197,0.8627394,11,0.035858534,13,0.03394581,False,0.74633216743946,0.13724186887359732,0.8627394,,,,,,,single_softmax
opxrd_408,opxrd,ablation3_cnn_aug_peaks_concat,training_results/ablation/ablation3_model.pth,408,1,1,2,2,triclinic,triclinic,Low symmetry,True,1,0.99869376,162,0.00050444726,18,0.00025051573,True,0.012528749708850269,0.002303892421776966,0.99869376,,,,,,,single_softmax
opxrd_410,opxrd,ablation3_cnn_aug_peaks_concat,training_results/ablation/ablation3_model.pth,410,11,11,12,12,monoclinic,monoclinic,Low symmetry,True,11,0.30111516,32,0.17735057,60,0.08322686,True,2.540406173917121,0.4671513653264744,0.30111516,,,,,,,single_softmax
opxrd_415,opxrd,ablation3_cnn_aug_peaks_concat,training_results/ablation/ablation3_model.pth,415,13,60,14,61,monoclinic,orthorhombic,Low symmetry,False,60,0.3340065,61,0.25455788,87,0.14219403,False,2.261845958609845,0.41592735782621704,0.3340065,,,,,,,single_softmax
opxrd_429,opxrd,ablation3_cnn_aug_peaks_concat,training_results/ablation/ablation3_model.pth,429,140,226,141,227,tetragonal,cubic,Medium symmetry,False,226,0.96823156,14,0.024652233,87,0.0036953639,False,0.17118352771689896,0.03147867436137031,0.96823156,,,,,,,single_softmax
opxrd_433,opxrd,ablation3_cnn_aug_peaks_concat,training_results/ablation/ablation3_model.pth,433,13,14,14,15,monoclinic,monoclinic,Low symmetry,False,14,0.6531529,13,0.085954204,10,0.045360208,True,1.5845648488414446,0.291383181234848,0.6531529,,,,,,,single_softmax
opxrd_435,opxrd,ablation3_cnn_aug_peaks_concat,training_results/ablation/ablation3_model.pth,435,139,139,140,140,tetragonal,tetragonal,Medium symmetry,True,139,0.36211324,91,0.17874712,59,0.09781011,True,2.2969193383948756,0.42237694743177495,0.36211324,,,,,,,single_softmax
opxrd_464,opxrd,ablation3_cnn_aug_peaks_concat,training_results/ablation/ablation3_model.pth,464,73,73,74,74,orthorhombic,orthorhombic,Low symmetry,True,73,0.9997887,14,0.00016239518,1,3.1952055e-05,True,0.0021682635657339685,0.0003987186362243971,0.9997887,,,,,,,single_softmax
opxrd_467,opxrd,ablation3_cnn_aug_peaks_concat,training_results/ablation/ablation3_model.pth,467,59,59,60,60,orthorhombic,orthorhombic,Low symmetry,True,59,0.99999976,13,9.7940216e-08,60,5.401267e-08,True,4.138873149246355e-06,7.610909871165341e-07,0.99999976,,,,,,,single_softmax
opxrd_482,opxrd,ablation3_cnn_aug_peaks_concat,training_results/ablation/ablation3_model.pth,482,13,14,14,15,monoclinic,monoclinic,Low symmetry,False,14,0.5157507,204,0.45499185,18,0.009688509,False,0.8740883532906822,0.16073475645278187,0.5157507,,,,,,,single_softmax
opxrd_496,opxrd,ablation3_cnn_aug_peaks_concat,training_results/ablation/ablation3_model.pth,496,147,147,148,148,trigonal,trigonal,Medium symmetry,True,147,0.99999976,12,2.4349936e-07,174,1.1664139e-08,True,4.450160490326392e-06,8.183331351979817e-07,0.99999976,,,,,,,single_softmax
opxrd_503,opxrd,ablation3_cnn_aug_peaks_concat,training_results/ablation/ablation3_model.pth,503,13,13,14,14,monoclinic,monoclinic,Low symmetry,True,13,0.9982614,35,0.0006322553,1,0.00050524116,True,0.0157746505095594,0.0029007761037385398,0.9982614,,,,,,,single_softmax
opxrd_507,opxrd,ablation3_cnn_aug_peaks_concat,training_results/ablation/ablation3_model.pth,507,86,226,87,227,tetragonal,cubic,Medium symmetry,False,226,0.07911234,71,0.062475957,192,0.06210231,False,3.7805524619205904,0.6951999496802456,0.07911234,,,,,,,single_softmax
opxrd_511,opxrd,ablation3_cnn_aug_peaks_concat,training_results/ablation/ablation3_model.pth,511,18,1,19,2,orthorhombic,triclinic,Low symmetry,False,1,0.64252925,60,0.11876255,204,0.059678074,False,1.441593077423257,0.2650923231402283,0.64252925,,,,,,,single_softmax
opxrd_512,opxrd,ablation3_cnn_aug_peaks_concat,training_results/ablation/ablation3_model.pth,512,73,73,74,74,orthorhombic,orthorhombic,Low symmetry,True,73,0.997331,14,0.0024716484,1,0.00011144519,True,0.019514476490440337,0.0035884869237599324,0.997331,,,,,,,single_softmax
opxrd_513,opxrd,ablation3_cnn_aug_peaks_concat,training_results/ablation/ablation3_model.pth,513,13,13,14,14,monoclinic,monoclinic,Low symmetry,True,13,0.49100935,59,0.46388003,60,0.011163208,True,0.9384083259152795,0.17256245681733087,0.49100935,,,,,,,single_softmax
opxrd_519,opxrd,ablation3_cnn_aug_peaks_concat,training_results/ablation/ablation3_model.pth,519,147,181,148,182,trigonal,hexagonal,Medium symmetry,False,181,0.49880007,11,0.20657282,13,0.08116012,False,1.9207065109218693,0.3531957519946858,0.49880007,,,,,,,single_softmax
opxrd_529,opxrd,ablation3_cnn_aug_peaks_concat,training_results/ablation/ablation3_model.pth,529,226,226,227,227,cubic,cubic,High symmetry,True,226,0.89646804,220,0.048691235,140,0.008570031,True,0.5553916965851662,0.10213012077147149,0.89646804,,,,,,,single_softmax
opxrd_531,opxrd,ablation3_cnn_aug_peaks_concat,training_results/ablation/ablation3_model.pth,531,13,51,14,52,monoclinic,orthorhombic,Low symmetry,False,51,0.96290743,1,0.029654996,56,0.0034977766,False,0.19235815546336654,0.035372443933969724,0.96290743,,,,,,,single_softmax
opxrd_535,opxrd,ablation3_cnn_aug_peaks_concat,training_results/ablation/ablation3_model.pth,535,163,197,164,198,trigonal,cubic,Medium symmetry,False,197,0.3553951,11,0.29936966,165,0.15721406,False,1.6767147593656166,0.30832848587080025,0.3553951,,,,,,,single_softmax
opxrd_536,opxrd,ablation3_cnn_aug_peaks_concat,training_results/ablation/ablation3_model.pth,536,59,175,60,176,orthorhombic,hexagonal,Low symmetry,False,175,0.35015902,163,0.05114816,71,0.029705206,False,3.293106646667336,0.6055642920219585,0.35015902,,,,,,,single_softmax
opxrd_540,opxrd,ablation3_cnn_aug_peaks_concat,training_results/ablation/ablation3_model.pth,540,193,193,194,194,hexagonal,hexagonal,Medium symmetry,True,193,0.6620752,166,0.03814457,45,0.02662941,True,1.921116300628211,0.3532711075904877,0.6620752,,,,,,,single_softmax
opxrd_542,opxrd,ablation3_cnn_aug_peaks_concat,training_results/ablation/ablation3_model.pth,542,57,57,58,58,orthorhombic,orthorhombic,Low symmetry,True,57,0.9999999,1,1.607742e-07,60,3.9404526e-08,True,3.4195991921792892e-06,6.288248107320102e-07,0.9999999,,,,,,,single_softmax
opxrd_544,opxrd,ablation3_cnn_aug_peaks_concat,training_results/ablation/ablation3_model.pth,544,87,87,88,88,tetragonal,tetragonal,Medium symmetry,True,87,0.9949675,14,0.0020995194,32,0.001057036,True,0.04114804300737311,0.00756665003760692,0.9949675,,,,,,,single_softmax
opxrd_545,opxrd,ablation3_cnn_aug_peaks_concat,training_results/ablation/ablation3_model.pth,545,13,13,14,14,monoclinic,monoclinic,Low symmetry,True,13,0.9999167,32,3.400267e-05,12,1.46412385e-05,True,0.0010320564840257164,0.00018978327188649916,0.9999167,,,,,,,single_softmax
opxrd_553,opxrd,ablation3_cnn_aug_peaks_concat,training_results/ablation/ablation3_model.pth,553,61,61,62,62,orthorhombic,orthorhombic,Low symmetry,True,61,0.99576473,62,0.003587506,226,0.00018375552,True,0.030715288380514023,0.0056481869122640685,0.99576473,,,,,,,single_softmax
opxrd_557,opxrd,ablation3_cnn_aug_peaks_concat,training_results/ablation/ablation3_model.pth,557,62,12,63,13,orthorhombic,monoclinic,Low symmetry,False,12,0.7577625,69,0.21017094,13,0.007533009,False,0.73695286042274,0.1355171226012637,0.7577625,,,,,,,single_softmax
opxrd_558,opxrd,ablation3_cnn_aug_peaks_concat,training_results/ablation/ablation3_model.pth,558,14,11,15,12,monoclinic,monoclinic,Low symmetry,False,11,0.6628201,13,0.29491523,28,0.017498445,False,0.8414548818685861,0.15473383782540018,0.6628201,,,,,,,single_softmax
opxrd_560,opxrd,ablation3_cnn_aug_peaks_concat,training_results/ablation/ablation3_model.pth,560,128,147,129,148,tetragonal,trigonal,Medium symmetry,False,147,0.56024504,145,0.29627976,13,0.07985235,False,1.1693059277386773,0.2150218599828059,0.56024504,,,,,,,single_softmax
opxrd_561,opxrd,ablation3_cnn_aug_peaks_concat,training_results/ablation/ablation3_model.pth,561,61,61,62,62,orthorhombic,orthorhombic,Low symmetry,True,61,0.91648334,59,0.07154065,25,0.0024235179,True,0.3544973384839211,0.06518796772644271,0.91648334,,,,,,,single_softmax
opxrd_564,opxrd,ablation3_cnn_aug_peaks_concat,training_results/ablation/ablation3_model.pth,564,91,91,92,92,tetragonal,tetragonal,Medium symmetry,True,91,0.5075047,124,0.45671487,59,0.010741615,True,0.9207978819401252,0.1693240994902765,0.5075047,,,,,,,single_softmax
opxrd_576,opxrd,ablation3_cnn_aug_peaks_concat,training_results/ablation/ablation3_model.pth,576,175,175,176,176,hexagonal,hexagonal,Medium symmetry,True,175,0.9977882,14,0.0007901593,73,0.0004560663,True,0.021015640034870397,0.0038645335680166358,0.9977882,,,,,,,single_softmax
opxrd_586,opxrd,ablation3_cnn_aug_peaks_concat,training_results/ablation/ablation3_model.pth,586,61,12,62,13,orthorhombic,monoclinic,Low symmetry,False,12,0.55054,175,0.11267567,202,0.089835875,False,1.7915952344502055,0.32945367889549276,0.55054,,,,,,,single_softmax
opxrd_588,opxrd,ablation3_cnn_aug_peaks_concat,training_results/ablation/ablation3_model.pth,588,1,1,2,2,triclinic,triclinic,Low symmetry,True,1,0.99273986,10,0.002421013,136,0.00088630524,True,0.06060697563199419,0.011144923085719963,0.99273986,,,,,,,single_softmax
opxrd_600,opxrd,ablation3_cnn_aug_peaks_concat,training_results/ablation/ablation3_model.pth,600,13,59,14,60,monoclinic,orthorhombic,Low symmetry,False,59,0.15081616,166,0.12483702,3,0.1160442,False,3.050865341717757,0.5610189128193985,0.15081616,,,,,,,single_softmax
opxrd_608,opxrd,ablation3_cnn_aug_peaks_concat,training_results/ablation/ablation3_model.pth,608,18,18,19,19,orthorhombic,orthorhombic,Low symmetry,True,18,0.55775195,1,0.1927412,3,0.10957082,True,1.5232889351294734,0.28011524815939154,0.55775195,,,,,,,single_softmax
opxrd_613,opxrd,ablation3_cnn_aug_peaks_concat,training_results/ablation/ablation3_model.pth,613,122,13,123,14,tetragonal,monoclinic,Medium symmetry,False,13,0.19827998,138,0.09605619,226,0.06503483,False,3.484284023190029,0.6407196043413275,0.19827998,,,,,,,single_softmax
opxrd_618,opxrd,ablation3_cnn_aug_peaks_concat,training_results/ablation/ablation3_model.pth,618,128,128,129,129,tetragonal,tetragonal,Medium symmetry,True,128,0.999997,1,2.7196033e-06,13,1.5114276e-07,True,4.1956958927616704e-05,7.71540033606547e-06,0.999997,,,,,,,single_softmax
opxrd_619,opxrd,ablation3_cnn_aug_peaks_concat,training_results/ablation/ablation3_model.pth,619,13,60,14,61,monoclinic,orthorhombic,Low symmetry,False,60,0.42292392,59,0.15649973,13,0.09270808,True,2.13446565449826,0.3925035905592391,0.42292392,,,,,,,single_softmax
opxrd_624,opxrd,ablation3_cnn_aug_peaks_concat,training_results/ablation/ablation3_model.pth,624,13,25,14,26,monoclinic,orthorhombic,Low symmetry,False,25,0.28658113,31,0.18143535,14,0.1558648,False,2.614073881068575,0.4806980061469888,0.28658113,,,,,,,single_softmax
opxrd_627,opxrd,ablation3_cnn_aug_peaks_concat,training_results/ablation/ablation3_model.pth,627,73,73,74,74,orthorhombic,orthorhombic,Low symmetry,True,73,0.9953283,14,0.0043502185,1,0.00018056888,True,0.0314704112838061,0.005787045295968222,0.9953283,,,,,,,single_softmax
opxrd_629,opxrd,ablation3_cnn_aug_peaks_concat,training_results/ablation/ablation3_model.pth,629,128,128,129,129,tetragonal,tetragonal,Medium symmetry,True,128,0.9999988,1,1.0728942e-06,13,5.924098e-08,True,1.747146859929141e-05,3.212801359962322e-06,0.9999988,,,,,,,single_softmax
opxrd_631,opxrd,ablation3_cnn_aug_peaks_concat,training_results/ablation/ablation3_model.pth,631,165,165,166,166,trigonal,trigonal,Medium symmetry,True,165,0.9993642,192,0.0001710817,1,0.00016894026,True,0.006450546817522891,0.0011861810854686076,0.9993642,,,,,,,single_softmax
opxrd_632,opxrd,ablation3_cnn_aug_peaks_concat,training_results/ablation/ablation3_model.pth,632,165,165,166,166,trigonal,trigonal,Medium symmetry,True,165,0.9998851,138,4.9899056e-05,163,2.1200685e-05,True,0.0013590752822287924,0.00024991825330658986,0.9998851,,,,,,,single_softmax
opxrd_633,opxrd,ablation3_cnn_aug_peaks_concat,training_results/ablation/ablation3_model.pth,633,197,226,198,227,cubic,cubic,High symmetry,False,226,0.98024493,138,0.0051069004,62,0.003798059,False,0.14817487143417368,0.027247648115583306,0.98024493,,,,,,,single_softmax
opxrd_634,opxrd,ablation3_cnn_aug_peaks_concat,training_results/ablation/ablation3_model.pth,634,192,192,193,193,hexagonal,hexagonal,Medium symmetry,True,192,0.99711335,165,0.001076001,45,0.00043706418,True,0.02682272425779506,0.004932389311384699,0.99711335,,,,,,,single_softmax
opxrd_635,opxrd,ablation3_cnn_aug_peaks_concat,training_results/ablation/ablation3_model.pth,635,1,192,2,193,triclinic,hexagonal,Low symmetry,False,192,0.14529657,87,0.12405637,59,0.08007138,False,3.398936002312372,0.6250250886806948,0.14529657,,,,,,,single_softmax
opxrd_642,opxrd,ablation3_cnn_aug_peaks_concat,training_results/ablation/ablation3_model.pth,642,139,139,140,140,tetragonal,tetragonal,Medium symmetry,True,139,0.99800605,60,0.000383829,226,0.00030998338,True,0.020179858838502377,0.003710843055449706,0.99800605,,,,,,,single_softmax
opxrd_646,opxrd,ablation3_cnn_aug_peaks_concat,training_results/ablation/ablation3_model.pth,646,18,18,19,19,orthorhombic,orthorhombic,Low symmetry,True,18,0.9951939,61,0.00091723964,87,0.0008163589,True,0.0427527164186375,0.007861730951309544,0.9951939,,,,,,,single_softmax
opxrd_651,opxrd,ablation3_cnn_aug_peaks_concat,training_results/ablation/ablation3_model.pth,651,13,13,14,14,monoclinic,monoclinic,Low symmetry,True,13,0.9904789,18,0.002940966,35,0.0027913423,True,0.07109571157744554,0.013073680529224084,0.9904789,,,,,,,single_softmax
opxrd_666,opxrd,ablation3_cnn_aug_peaks_concat,training_results/ablation/ablation3_model.pth,666,13,59,14,60,monoclinic,orthorhombic,Low symmetry,False,59,0.8616193,204,0.055623237,166,0.02416473,False,0.6429454978378872,0.11823025397641693,0.8616193,,,,,,,single_softmax
opxrd_667,opxrd,ablation3_cnn_aug_peaks_concat,training_results/ablation/ablation3_model.pth,667,1,1,2,2,triclinic,triclinic,Low symmetry,True,1,0.8417907,18,0.09904702,162,0.043278527,True,0.609518338128763,0.11208338523651559,0.8417907,,,,,,,single_softmax
opxrd_670,opxrd,ablation3_cnn_aug_peaks_concat,training_results/ablation/ablation3_model.pth,670,14,160,15,161,monoclinic,trigonal,Low symmetry,False,160,0.50103754,18,0.2101243,13,0.09590266,False,1.7266858001451209,0.3175175833334849,0.50103754,,,,,,,single_softmax
opxrd_676,opxrd,ablation3_cnn_aug_peaks_concat,training_results/ablation/ablation3_model.pth,676,13,59,14,60,monoclinic,orthorhombic,Low symmetry,False,59,0.3199122,1,0.2887828,18,0.1686468,False,1.8712994134826428,0.34411035720131533,0.3199122,,,,,,,single_softmax
opxrd_677,opxrd,ablation3_cnn_aug_peaks_concat,training_results/ablation/ablation3_model.pth,677,18,1,19,2,orthorhombic,triclinic,Low symmetry,False,1,0.88244843,18,0.11078154,13,0.0047615934,True,0.3935045717720356,0.07236094757322585,0.88244843,,,,,,,single_softmax
opxrd_683,opxrd,ablation3_cnn_aug_peaks_concat,training_results/ablation/ablation3_model.pth,683,1,1,2,2,triclinic,triclinic,Low symmetry,True,1,0.4977655,11,0.49600083,62,0.002918423,True,0.7370661196195244,0.13553794965992733,0.4977655,,,,,,,single_softmax
opxrd_691,opxrd,ablation3_cnn_aug_peaks_concat,training_results/ablation/ablation3_model.pth,691,25,25,26,26,orthorhombic,orthorhombic,Low symmetry,True,25,0.8201279,12,0.08404933,197,0.06865892,True,0.7268101348029374,0.13365199246181175,0.8201279,,,,,,,single_softmax
opxrd_695,opxrd,ablation3_cnn_aug_peaks_concat,training_results/ablation/ablation3_model.pth,695,147,147,148,148,trigonal,trigonal,Medium symmetry,True,147,1.0,12,3.4955384e-08,174,7.754418e-09,True,8.220590627170525e-07,1.5116717061631637e-07,1.0,,,,,,,single_softmax
opxrd_707,opxrd,ablation3_cnn_aug_peaks_concat,training_results/ablation/ablation3_model.pth,707,190,190,191,191,hexagonal,hexagonal,Medium symmetry,True,190,0.9996332,139,0.00017127405,165,7.183283e-05,True,0.004030486359508057,0.0007411599078546982,0.9996332,,,,,,,single_softmax
opxrd_708,opxrd,ablation3_cnn_aug_peaks_concat,training_results/ablation/ablation3_model.pth,708,44,44,45,45,orthorhombic,orthorhombic,Low symmetry,True,44,0.9999906,174,9.327191e-06,147,1.4620566e-07,True,0.00012013028935761033,2.2090573258189125e-05,0.9999906,,,,,,,single_softmax
opxrd_710,opxrd,ablation3_cnn_aug_peaks_concat,training_results/ablation/ablation3_model.pth,710,8,13,9,14,monoclinic,monoclinic,Low symmetry,False,13,0.9058923,14,0.04337932,145,0.028894886,False,0.4600987627501213,0.08460685043617473,0.9058923,,,,,,,single_softmax
opxrd_727,opxrd,ablation3_cnn_aug_peaks_concat,training_results/ablation/ablation3_model.pth,727,1,1,2,2,triclinic,triclinic,Low symmetry,True,1,0.18641733,161,0.18577823,14,0.15577196,True,2.7807897520187366,0.511355130009931,0.18641733,,,,,,,single_softmax
opxrd_730,opxrd,ablation3_cnn_aug_peaks_concat,training_results/ablation/ablation3_model.pth,730,13,161,14,162,monoclinic,trigonal,Low symmetry,False,161,0.5902764,8,0.17382956,14,0.032780454,False,1.8021067278612364,0.33138662117417245,0.5902764,,,,,,,single_softmax
opxrd_735,opxrd,ablation3_cnn_aug_peaks_concat,training_results/ablation/ablation3_model.pth,735,61,163,62,164,orthorhombic,trigonal,Low symmetry,False,163,0.35593757,139,0.11621173,229,0.10973385,False,2.3432685161321904,0.4309000260969319,0.35593757,,,,,,,single_softmax
opxrd_738,opxrd,ablation3_cnn_aug_peaks_concat,training_results/ablation/ablation3_model.pth,738,60,13,61,14,orthorhombic,monoclinic,Low symmetry,False,13,0.8142245,1,0.16486895,18,0.006862626,False,0.603021650516876,0.11088871939167827,0.8142245,,,,,,,single_softmax
opxrd_740,opxrd,ablation3_cnn_aug_peaks_concat,training_results/ablation/ablation3_model.pth,740,3,1,4,2,monoclinic,triclinic,Low symmetry,False,1,0.31051835,18,0.13661693,13,0.0939839,False,2.5611386242565017,0.4709638235790345,0.31051835,,,,,,,single_softmax
opxrd_742,opxrd,ablation3_cnn_aug_peaks_concat,training_results/ablation/ablation3_model.pth,742,220,220,221,221,cubic,cubic,High symmetry,True,220,0.99999785,136,1.0482295e-06,60,6.090338e-07,True,3.393710767968533e-05,6.240642284123893e-06,0.99999785,,,,,,,single_softmax
opxrd_743,opxrd,ablation3_cnn_aug_peaks_concat,training_results/ablation/ablation3_model.pth,743,71,71,72,72,orthorhombic,orthorhombic,Low symmetry,True,71,0.9974462,185,0.0011137545,204,0.00026302546,True,0.02346522796702817,0.004314984507218333,0.9974462,,,,,,,single_softmax
opxrd_745,opxrd,ablation3_cnn_aug_peaks_concat,training_results/ablation/ablation3_model.pth,745,73,73,74,74,orthorhombic,orthorhombic,Low symmetry,True,73,0.99419904,14,0.0054365476,1,0.00020194611,True,0.03768183254391274,0.006929253952233034,0.99419904,,,,,,,single_softmax
opxrd_749,opxrd,ablation3_cnn_aug_peaks_concat,training_results/ablation/ablation3_model.pth,749,62,51,63,52,orthorhombic,orthorhombic,Low symmetry,False,51,0.73486215,13,0.1193492,1,0.08341668,False,1.0442048646572581,0.19201721882647996,0.73486215,,,,,,,single_softmax
opxrd_752,opxrd,ablation3_cnn_aug_peaks_concat,training_results/ablation/ablation3_model.pth,752,35,35,36,36,orthorhombic,orthorhombic,Low symmetry,True,35,0.9517218,18,0.01678005,13,0.011076053,True,0.2805217231783283,0.05158470615131116,0.9517218,,,,,,,single_softmax
opxrd_755,opxrd,ablation3_cnn_aug_peaks_concat,training_results/ablation/ablation3_model.pth,755,4,13,5,14,monoclinic,monoclinic,Low symmetry,False,13,0.19098964,3,0.13196902,18,0.08550158,False,3.320779813497373,0.6106530679036616,0.19098964,,,,,,,single_softmax
opxrd_756,opxrd,ablation3_cnn_aug_peaks_concat,training_results/ablation/ablation3_model.pth,756,166,166,167,167,trigonal,trigonal,Medium symmetry,True,166,0.1963583,138,0.053130228,61,0.051736925,True,3.6410972209271524,0.6695557409309157,0.1963583,,,,,,,single_softmax
opxrd_760,opxrd,ablation3_cnn_aug_peaks_concat,training_results/ablation/ablation3_model.pth,760,13,59,14,60,monoclinic,orthorhombic,Low symmetry,False,59,0.44558385,60,0.1366443,13,0.084778905,True,2.0547798028043807,0.3778502824393805,0.44558385,,,,,,,single_softmax
opxrd_773,opxrd,ablation3_cnn_aug_peaks_concat,training_results/ablation/ablation3_model.pth,773,165,13,166,14,trigonal,monoclinic,Medium symmetry,False,13,0.36381787,165,0.3112501,128,0.04980524,True,2.0502215822904315,0.3770120783134367,0.36381787,,,,,,,single_softmax
opxrd_779,opxrd,ablation3_cnn_aug_peaks_concat,training_results/ablation/ablation3_model.pth,779,1,197,2,198,triclinic,cubic,Low symmetry,False,197,0.55385923,12,0.06902681,163,0.050441816,False,2.00581625965407,0.368846452158721,0.55385923,,,,,,,single_softmax
opxrd_781,opxrd,ablation3_cnn_aug_peaks_concat,training_results/ablation/ablation3_model.pth,781,73,73,74,74,orthorhombic,orthorhombic,Low symmetry,True,73,0.99730253,14,0.002499339,1,0.0001116569,True,0.01969071274195025,0.0036208947356910185,0.99730253,,,,,,,single_softmax
opxrd_782,opxrd,ablation3_cnn_aug_peaks_concat,training_results/ablation/ablation3_model.pth,782,12,12,13,13,monoclinic,monoclinic,Low symmetry,True,12,0.9332533,14,0.02319179,18,0.010379517,True,0.40275479147910576,0.07406195617968213,0.9332533,,,,,,,single_softmax
opxrd_787,opxrd,ablation3_cnn_aug_peaks_concat,training_results/ablation/ablation3_model.pth,787,216,216,217,217,cubic,cubic,High symmetry,True,216,0.9905449,13,0.0029959024,14,0.0016742734,True,0.07734682729257371,0.01422318853747819,0.9905449,,,,,,,single_softmax
opxrd_797,opxrd,ablation3_cnn_aug_peaks_concat,training_results/ablation/ablation3_model.pth,797,11,163,12,164,monoclinic,trigonal,Low symmetry,False,163,0.4794144,165,0.102241114,175,0.10018302,False,2.061360622652623,0.37906041923114153,0.4794144,,,,,,,single_softmax
opxrd_801,opxrd,ablation3_cnn_aug_peaks_concat,training_results/ablation/ablation3_model.pth,801,87,87,88,88,tetragonal,tetragonal,Medium symmetry,True,87,0.98602897,14,0.008099034,32,0.0022398871,True,0.0954077653666534,0.017544386528181265,0.98602897,,,,,,,single_softmax
opxrd_803,opxrd,ablation3_cnn_aug_peaks_concat,training_results/ablation/ablation3_model.pth,803,124,124,125,125,tetragonal,tetragonal,Medium symmetry,True,124,0.9994949,91,0.00027018858,59,0.00011198252,True,0.0051102256415774434,0.0009397114957834863,0.9994949,,,,,,,single_softmax
opxrd_805,opxrd,ablation3_cnn_aug_peaks_concat,training_results/ablation/ablation3_model.pth,805,138,138,139,139,tetragonal,tetragonal,Medium symmetry,True,138,0.89222723,139,0.017838253,220,0.01565116,True,0.6639735591877332,0.12209707168084825,0.89222723,,,,,,,single_softmax
opxrd_808,opxrd,ablation3_cnn_aug_peaks_concat,training_results/ablation/ablation3_model.pth,808,128,1,129,2,tetragonal,triclinic,Medium symmetry,False,1,0.36116815,175,0.26073158,204,0.071528204,False,2.329886587215743,0.4284392438691903,0.36116815,,,,,,,single_softmax
opxrd_809,opxrd,ablation3_cnn_aug_peaks_concat,training_results/ablation/ablation3_model.pth,809,61,163,62,164,orthorhombic,trigonal,Low symmetry,False,163,0.1401812,18,0.102801554,32,0.093297735,False,3.1142165341907693,0.572668465699045,0.1401812,,,,,,,single_softmax
opxrd_816,opxrd,ablation3_cnn_aug_peaks_concat,training_results/ablation/ablation3_model.pth,816,13,1,14,2,monoclinic,triclinic,Low symmetry,False,1,0.7148818,13,0.12501821,28,0.05874899,True,1.1787771729939474,0.2167635126357433,0.7148818,,,,,,,single_softmax
opxrd_817,opxrd,ablation3_cnn_aug_peaks_concat,training_results/ablation/ablation3_model.pth,817,13,14,14,15,monoclinic,monoclinic,Low symmetry,False,14,0.2296481,31,0.09956431,25,0.079486236,False,3.2594465309867537,0.5993745853684805,0.2296481,,,,,,,single_softmax
opxrd_818,opxrd,ablation3_cnn_aug_peaks_concat,training_results/ablation/ablation3_model.pth,818,190,190,191,191,hexagonal,hexagonal,Medium symmetry,True,190,0.9997756,139,0.00010115942,165,5.330839e-05,True,0.0025539864403701334,0.00046964861953730007,0.9997756,,,,,,,single_softmax
opxrd_823,opxrd,ablation3_cnn_aug_peaks_concat,training_results/ablation/ablation3_model.pth,823,13,175,14,176,monoclinic,hexagonal,Low symmetry,False,175,0.6108163,13,0.10277379,71,0.06613657,True,1.7480603653872362,0.32144811910317156,0.6108163,,,,,,,single_softmax
opxrd_824,opxrd,ablation3_cnn_aug_peaks_concat,training_results/ablation/ablation3_model.pth,824,13,13,14,14,monoclinic,monoclinic,Low symmetry,True,13,0.9412702,18,0.021314025,28,0.014698513,True,0.34111072883289956,0.06272632476565398,0.9412702,,,,,,,single_softmax
opxrd_826,opxrd,ablation3_cnn_aug_peaks_concat,training_results/ablation/ablation3_model.pth,826,124,124,125,125,tetragonal,tetragonal,Medium symmetry,True,124,0.99567467,91,0.0031924332,59,0.00089992414,True,0.031392004700812305,0.005772627230592614,0.99567467,,,,,,,single_softmax
opxrd_831,opxrd,ablation3_cnn_aug_peaks_concat,training_results/ablation/ablation3_model.pth,831,222,165,223,166,cubic,trigonal,High symmetry,False,165,0.2992144,163,0.2718601,166,0.054779258,False,2.505005165200857,0.4606415285430764,0.2992144,,,,,,,single_softmax
opxrd_833,opxrd,ablation3_cnn_aug_peaks_concat,training_results/ablation/ablation3_model.pth,833,138,138,139,139,tetragonal,tetragonal,Medium symmetry,True,138,0.9678534,224,0.009927557,220,0.0067257057,True,0.21455846763836461,0.03945482503101812,0.9678534,,,,,,,single_softmax
opxrd_836,opxrd,ablation3_cnn_aug_peaks_concat,training_results/ablation/ablation3_model.pth,836,11,1,12,2,monoclinic,triclinic,Low symmetry,False,1,0.82407355,18,0.098408595,13,0.058772407,False,0.6621804786764286,0.12176734487668739,0.82407355,,,,,,,single_softmax
opxrd_850,opxrd,ablation3_cnn_aug_peaks_concat,training_results/ablation/ablation3_model.pth,850,18,1,19,2,orthorhombic,triclinic,Low symmetry,False,1,0.5274767,4,0.17078662,13,0.13311213,False,1.477613510582623,0.27171606492719724,0.5274767,,,,,,,single_softmax
opxrd_862,opxrd,ablation3_cnn_aug_peaks_concat,training_results/ablation/ablation3_model.pth,862,224,224,225,225,cubic,cubic,High symmetry,True,224,1.0,205,1.2921861e-09,50,1.275354e-10,True,2.9628238812556955e-08,5.448291047160858e-09,1.0,,,,,,,single_softmax
opxrd_866,opxrd,ablation3_cnn_aug_peaks_concat,training_results/ablation/ablation3_model.pth,866,224,224,225,225,cubic,cubic,High symmetry,True,224,1.0,50,5.429616e-10,205,2.6636525e-11,True,1.2321926678715454e-08,2.2658600543939738e-09,1.0,,,,,,,single_softmax
opxrd_871,opxrd,ablation3_cnn_aug_peaks_concat,training_results/ablation/ablation3_model.pth,871,224,224,225,225,cubic,cubic,High symmetry,True,224,0.9999999,50,7.610488e-08,226,2.2770186e-10,True,1.3744233373370573e-06,2.527405834412535e-07,0.9999999,,,,,,,single_softmax
opxrd_875,opxrd,ablation3_cnn_aug_peaks_concat,training_results/ablation/ablation3_model.pth,875,224,224,225,225,cubic,cubic,High symmetry,True,224,0.9999994,50,6.365378e-07,226,1.2007333e-09,True,9.737946343857653e-06,1.7906959039525082e-06,0.9999994,,,,,,,single_softmax
opxrd_883,opxrd,ablation3_cnn_aug_peaks_concat,training_results/ablation/ablation3_model.pth,883,224,224,225,225,cubic,cubic,High symmetry,True,224,1.0,50,8.6541896e-10,205,3.952913e-11,True,1.9157460069426382e-08,3.522835725840083e-09,1.0,,,,,,,single_softmax
opxrd_885,opxrd,ablation3_cnn_aug_peaks_concat,training_results/ablation/ablation3_model.pth,885,224,224,225,225,cubic,cubic,High symmetry,True,224,1.0,205,1.4220827e-09,50,5.518229e-12,True,2.91103973157084e-08,5.353065974588114e-09,1.0,,,,,,,single_softmax
opxrd_886,opxrd,ablation3_cnn_aug_peaks_concat,training_results/ablation/ablation3_model.pth,886,224,224,225,225,cubic,cubic,High symmetry,True,224,1.0,50,2.8851121e-09,226,1.231479e-11,True,5.7268408349278573e-08,1.0530999107590874e-08,1.0,,,,,,,single_softmax
opxrd_898,opxrd,ablation3_cnn_aug_peaks_concat,training_results/ablation/ablation3_model.pth,898,224,224,225,225,cubic,cubic,High symmetry,True,224,1.0,205,3.1637541e-09,50,4.691515e-11,True,6.309456810398465e-08,1.160236262101851e-08,1.0,,,,,,,single_softmax
opxrd_901,opxrd,ablation3_cnn_aug_peaks_concat,training_results/ablation/ablation3_model.pth,901,224,224,225,225,cubic,cubic,High symmetry,True,224,1.0,50,2.8295142e-09,205,2.5627216e-09,True,1.1271672479789248e-07,2.0727304328375406e-08,1.0,,,,,,,single_softmax
opxrd_904,opxrd,ablation3_cnn_aug_peaks_concat,training_results/ablation/ablation3_model.pth,904,224,224,225,225,cubic,cubic,High symmetry,True,224,1.0,205,5.1975473e-09,50,4.5856863e-11,True,1.0026130453984952e-07,1.8436896345982576e-08,1.0,,,,,,,single_softmax
opxrd_907,opxrd,ablation3_cnn_aug_peaks_concat,training_results/ablation/ablation3_model.pth,907,224,224,225,225,cubic,cubic,High symmetry,True,224,0.9999994,50,6.486011e-07,190,4.265202e-09,True,1.0009655246206786e-05,1.8406600341010505e-06,0.9999994,,,,,,,single_softmax
opxrd_910,opxrd,ablation3_cnn_aug_peaks_concat,training_results/ablation/ablation3_model.pth,910,224,224,225,225,cubic,cubic,High symmetry,True,224,1.0,50,8.760358e-11,205,3.0609838e-11,True,2.7794065046690914e-09,5.111007667925033e-10,1.0,,,,,,,single_softmax
opxrd_913,opxrd,ablation3_cnn_aug_peaks_concat,training_results/ablation/ablation3_model.pth,913,224,224,225,225,cubic,cubic,High symmetry,True,224,1.0,50,4.893751e-08,226,1.8511538e-10,True,8.306011533481116e-07,1.5273796246134197e-07,1.0,,,,,,,single_softmax
opxrd_917,opxrd,ablation3_cnn_aug_peaks_concat,training_results/ablation/ablation3_model.pth,917,224,224,225,225,cubic,cubic,High symmetry,True,224,1.0,205,1.1735507e-08,50,4.2285227e-11,True,2.1538160285456715e-07,3.960619009383577e-08,1.0,,,,,,,single_softmax
opxrd_927,opxrd,ablation3_cnn_aug_peaks_concat,training_results/ablation/ablation3_model.pth,927,224,224,225,225,cubic,cubic,High symmetry,True,224,1.0,205,1.1523957e-09,50,1.5245369e-10,True,2.7646034076267365e-08,5.083786481543906e-09,1.0,,,,,,,single_softmax
opxrd_930,opxrd,ablation3_cnn_aug_peaks_concat,training_results/ablation/ablation3_model.pth,930,224,224,225,225,cubic,cubic,High symmetry,True,224,0.9999988,50,1.1864026e-06,190,4.6154522e-08,True,1.8523450201448954e-05,3.4062486310294026e-06,0.9999988,,,,,,,single_softmax
opxrd_935,opxrd,ablation3_cnn_aug_peaks_concat,training_results/ablation/ablation3_model.pth,935,224,224,225,225,cubic,cubic,High symmetry,True,224,1.0,205,3.608943e-11,50,3.0192637e-11,True,1.6007645517611444e-09,2.943621195694027e-10,1.0,,,,,,,single_softmax
opxrd_938,opxrd,ablation3_cnn_aug_peaks_concat,training_results/ablation/ablation3_model.pth,938,224,224,225,225,cubic,cubic,High symmetry,True,224,1.0,205,4.9617483e-09,50,8.295738e-11,True,9.688587466912995e-08,1.781619376351363e-08,1.0,,,,,,,single_softmax
opxrd_943,opxrd,ablation3_cnn_aug_peaks_concat,training_results/ablation/ablation3_model.pth,943,224,224,225,225,cubic,cubic,High symmetry,True,224,1.0,50,3.071334e-08,205,1.7638566e-08,True,9.154359591698775e-07,1.6833810379847968e-07,1.0,,,,,,,single_softmax
opxrd_944,opxrd,ablation3_cnn_aug_peaks_concat,training_results/ablation/ablation3_model.pth,944,224,224,225,225,cubic,cubic,High symmetry,True,224,1.0,205,1.17217045e-08,50,1.9207858e-12,True,2.1410917040882054e-07,3.93722044578303e-08,1.0,,,,,,,single_softmax
opxrd_950,opxrd,ablation3_cnn_aug_peaks_concat,training_results/ablation/ablation3_model.pth,950,224,224,225,225,cubic,cubic,High symmetry,True,224,1.0,205,5.069173e-09,50,6.315728e-10,True,1.1059002284526838e-07,2.033622839295562e-08,1.0,,,,,,,single_softmax
opxrd_958,opxrd,ablation3_cnn_aug_peaks_concat,training_results/ablation/ablation3_model.pth,958,224,224,225,225,cubic,cubic,High symmetry,True,224,0.9999999,50,1.00081486e-07,205,1.26650725e-08,True,2.1819597686604487e-06,4.012372098141582e-07,0.9999999,,,,,,,single_softmax
opxrd_965,opxrd,ablation3_cnn_aug_peaks_concat,training_results/ablation/ablation3_model.pth,965,224,224,225,225,cubic,cubic,High symmetry,True,224,1.0,50,1.5291184e-09,205,1.1999178e-11,True,3.153396679412416e-08,5.798732420540637e-09,1.0,,,,,,,single_softmax
opxrd_970,opxrd,ablation3_cnn_aug_peaks_concat,training_results/ablation/ablation3_model.pth,970,224,224,225,225,cubic,cubic,High symmetry,True,224,1.0,205,7.443368e-09,50,5.977353e-10,True,1.5261484705516108e-07,2.8064108370898443e-08,1.0,,,,,,,single_softmax
opxrd_983,opxrd,ablation3_cnn_aug_peaks_concat,training_results/ablation/ablation3_model.pth,983,224,224,225,225,cubic,cubic,High symmetry,True,224,1.0,205,9.640677e-11,50,1.45933e-11,True,2.5869217548340867e-09,4.757050436151745e-10,1.0,,,,,,,single_softmax
opxrd_986,opxrd,ablation3_cnn_aug_peaks_concat,training_results/ablation/ablation3_model.pth,986,224,224,225,225,cubic,cubic,High symmetry,True,224,1.0,50,2.1570823e-08,226,7.657888e-11,True,3.833876662607413e-07,7.050056545362459e-08,1.0,,,,,,,single_softmax
opxrd_994,opxrd,ablation3_cnn_aug_peaks_concat,training_results/ablation/ablation3_model.pth,994,224,224,225,225,cubic,cubic,High symmetry,True,224,1.0,205,4.4581805e-09,50,5.2072267e-11,True,8.698778152917123e-08,1.59960487127202e-08,1.0,,,,,,,single_softmax
opxrd_998,opxrd,ablation3_cnn_aug_peaks_concat,training_results/ablation/ablation3_model.pth,998,224,224,225,225,cubic,cubic,High symmetry,True,224,1.0,205,9.111825e-09,50,2.973023e-10,True,1.753782778706773e-07,3.225004048449678e-08,1.0,,,,,,,single_softmax
opxrd_1005,opxrd,ablation3_cnn_aug_peaks_concat,training_results/ablation/ablation3_model.pth,1005,224,224,225,225,cubic,cubic,High symmetry,True,224,1.0,205,2.8480008e-08,50,1.975468e-11,True,4.95311785588546e-07,9.10821187870141e-08,1.0,,,,,,,single_softmax
opxrd_1015,opxrd,ablation3_cnn_aug_peaks_concat,training_results/ablation/ablation3_model.pth,1015,224,224,225,225,cubic,cubic,High symmetry,True,224,1.0,50,2.203667e-08,226,1.2173879e-10,True,3.932198006316578e-07,7.230858144831286e-08,1.0,,,,,,,single_softmax
opxrd_1016,opxrd,ablation3_cnn_aug_peaks_concat,training_results/ablation/ablation3_model.pth,1016,224,224,225,225,cubic,cubic,High symmetry,True,224,0.9999999,50,1.5289667e-07,226,4.443381e-10,True,2.534364330583254e-06,4.660403400929966e-07,0.9999999,,,,,,,single_softmax
opxrd_1024,opxrd,ablation3_cnn_aug_peaks_concat,training_results/ablation/ablation3_model.pth,1024,224,224,225,225,cubic,cubic,High symmetry,True,224,1.0,205,4.763074e-09,50,4.0499235e-09,True,1.7710463960346943e-07,3.256749847558554e-08,1.0,,,,,,,single_softmax
opxrd_1027,opxrd,ablation3_cnn_aug_peaks_concat,training_results/ablation/ablation3_model.pth,1027,224,224,225,225,cubic,cubic,High symmetry,True,224,1.0,205,1.0880951e-08,50,1.2961275e-10,True,2.025585816238253e-07,3.7248184536671337e-08,1.0,,,,,,,single_softmax
opxrd_1037,opxrd,ablation3_cnn_aug_peaks_concat,training_results/ablation/ablation3_model.pth,1037,224,224,225,225,cubic,cubic,High symmetry,True,224,1.0,205,4.7848496e-11,50,3.5897275e-11,True,2.0031666607498006e-09,3.683592215109587e-10,1.0,,,,,,,single_softmax
opxrd_1039,opxrd,ablation3_cnn_aug_peaks_concat,training_results/ablation/ablation3_model.pth,1039,224,224,225,225,cubic,cubic,High symmetry,True,224,1.0,205,9.924789e-09,50,7.886966e-09,True,3.404054914651369e-07,6.259663975598421e-08,1.0,,,,,,,single_softmax
opxrd_1054,opxrd,ablation3_cnn_aug_peaks_concat,training_results/ablation/ablation3_model.pth,1054,224,224,225,225,cubic,cubic,High symmetry,True,224,1.0,205,1.2335214e-08,50,1.06421094e-10,True,2.2713476258851167e-07,4.176746047373977e-08,1.0,,,,,,,single_softmax
opxrd_1058,opxrd,ablation3_cnn_aug_peaks_concat,training_results/ablation/ablation3_model.pth,1058,224,224,225,225,cubic,cubic,High symmetry,True,224,1.0,205,1.9440801e-08,50,1.4630382e-09,True,3.764028397590439e-07,6.921613650271976e-08,1.0,,,,,,,single_softmax
opxrd_1061,opxrd,ablation3_cnn_aug_peaks_concat,training_results/ablation/ablation3_model.pth,1061,224,224,225,225,cubic,cubic,High symmetry,True,224,1.0,205,7.377897e-09,50,4.310202e-12,True,1.3826022092374928e-07,2.5424458355523035e-08,1.0,,,,,,,single_softmax
opxrd_1067,opxrd,ablation3_cnn_aug_peaks_concat,training_results/ablation/ablation3_model.pth,1067,224,224,225,225,cubic,cubic,High symmetry,True,224,1.0,205,7.922215e-09,50,5.1821988e-11,True,1.490392145041473e-07,2.7406590826947474e-08,1.0,,,,,,,single_softmax
opxrd_1068,opxrd,ablation3_cnn_aug_peaks_concat,training_results/ablation/ablation3_model.pth,1068,224,224,225,225,cubic,cubic,High symmetry,True,224,1.0,205,4.9772053e-10,50,1.1933558e-11,True,1.0960680577718099e-08,2.01554261257886e-09,1.0,,,,,,,single_softmax
opxrd_1072,opxrd,ablation3_cnn_aug_peaks_concat,training_results/ablation/ablation3_model.pth,1072,224,224,225,225,cubic,cubic,High symmetry,True,224,1.0,205,8.85172e-09,50,1.9960426e-10,True,1.6872789143019787e-07,3.102711119959889e-08,1.0,,,,,,,single_softmax
opxrd_1079,opxrd,ablation3_cnn_aug_peaks_concat,training_results/ablation/ablation3_model.pth,1079,224,224,225,225,cubic,cubic,High symmetry,True,224,1.0,205,1.6395121e-10,50,1.8557982e-11,True,4.152557979386865e-09,7.636074693822589e-10,1.0,,,,,,,single_softmax
opxrd_1081,opxrd,ablation3_cnn_aug_peaks_concat,training_results/ablation/ablation3_model.pth,1081,224,224,225,225,cubic,cubic,High symmetry,True,224,1.0,50,2.761264e-10,205,1.9292169e-11,True,6.593255717556968e-09,1.21242360455065e-09,1.0,,,,,,,single_softmax
opxrd_1082,opxrd,ablation3_cnn_aug_peaks_concat,training_results/ablation/ablation3_model.pth,1082,224,224,225,225,cubic,cubic,High symmetry,True,224,1.0,50,3.576053e-11,205,2.2403737e-11,True,1.4125979673533656e-09,2.597604571591062e-10,1.0,,,,,,,single_softmax
opxrd_1083,opxrd,ablation3_cnn_aug_peaks_concat,training_results/ablation/ablation3_model.pth,1083,224,224,225,225,cubic,cubic,High symmetry,True,224,1.0,205,9.657324e-09,50,4.2727405e-11,True,1.793040059981698e-07,3.297193656296163e-08,1.0,,,,,,,single_softmax
opxrd_1084,opxrd,ablation3_cnn_aug_peaks_concat,training_results/ablation/ablation3_model.pth,1084,224,224,225,225,cubic,cubic,High symmetry,True,224,1.0,205,1.220466e-10,50,1.1466288e-10,True,5.426610920806916e-09,9.978910958327765e-10,1.0,,,,,,,single_softmax
opxrd_1087,opxrd,ablation3_cnn_aug_peaks_concat,training_results/ablation/ablation3_model.pth,1087,224,224,225,225,cubic,cubic,High symmetry,True,224,1.0,50,2.2110937e-08,205,8.211258e-09,True,5.810078214191512e-07,1.0684063037951494e-07,1.0,,,,,,,single_softmax
opxrd_1091,opxrd,ablation3_cnn_aug_peaks_concat,training_results/ablation/ablation3_model.pth,1091,224,224,225,225,cubic,cubic,High symmetry,True,224,1.0,205,5.270513e-09,50,7.022503e-11,True,1.021515118230476e-07,1.8784483642125258e-08,1.0,,,,,,,single_softmax
opxrd_1092,opxrd,ablation3_cnn_aug_peaks_concat,training_results/ablation/ablation3_model.pth,1092,224,224,225,225,cubic,cubic,High symmetry,True,224,0.99999976,50,2.6201238e-07,226,7.1613526e-10,True,4.2349983334098664e-06,7.787672986785561e-07,0.99999976,,,,,,,single_softmax
opxrd_1094,opxrd,ablation3_cnn_aug_peaks_concat,training_results/ablation/ablation3_model.pth,1094,224,224,225,225,cubic,cubic,High symmetry,True,224,1.0,205,5.5845495e-10,50,9.222929e-12,True,1.2131058123890189e-08,2.2307615308192854e-09,1.0,,,,,,,single_softmax
opxrd_1100,opxrd,ablation3_cnn_aug_peaks_concat,training_results/ablation/ablation3_model.pth,1100,224,224,225,225,cubic,cubic,High symmetry,True,224,1.0,50,6.2346306e-09,205,2.0206166e-09,True,1.7659035220266902e-07,3.247292696024251e-08,1.0,,,,,,,single_softmax
opxrd_1105,opxrd,ablation3_cnn_aug_peaks_concat,training_results/ablation/ablation3_model.pth,1105,224,224,225,225,cubic,cubic,High symmetry,True,224,0.9999999,50,6.632506e-08,226,1.1935634e-10,True,1.2205150623001385e-06,2.2443862859767946e-07,0.9999999,,,,,,,single_softmax
opxrd_1113,opxrd,ablation3_cnn_aug_peaks_concat,training_results/ablation/ablation3_model.pth,1113,224,224,225,225,cubic,cubic,High symmetry,True,224,1.0,205,7.0656245e-09,50,2.935003e-10,True,1.3942801681207852e-07,2.5639202536692487e-08,1.0,,,,,,,single_softmax
opxrd_1117,opxrd,ablation3_cnn_aug_peaks_concat,training_results/ablation/ablation3_model.pth,1117,224,224,225,225,cubic,cubic,High symmetry,True,224,1.0,205,4.952832e-09,50,5.76867e-11,True,9.611142467919715e-08,1.7673781351715585e-08,1.0,,,,,,,single_softmax
opxrd_1118,opxrd,ablation3_cnn_aug_peaks_concat,training_results/ablation/ablation3_model.pth,1118,224,224,225,225,cubic,cubic,High symmetry,True,224,1.0,50,4.1028343e-08,205,1.0317569e-08,True,1.0672543947500833e-06,1.9625576129403903e-07,1.0,,,,,,,single_softmax
opxrd_1120,opxrd,ablation3_cnn_aug_peaks_concat,training_results/ablation/ablation3_model.pth,1120,224,224,225,225,cubic,cubic,High symmetry,True,224,1.0,205,1.0709846e-08,50,5.00361e-10,True,2.0757995893603723e-07,3.81715578504758e-08,1.0,,,,,,,single_softmax
opxrd_1123,opxrd,ablation3_cnn_aug_peaks_concat,training_results/ablation/ablation3_model.pth,1123,224,224,225,225,cubic,cubic,High symmetry,True,224,1.0,205,6.9440853e-09,50,5.5948884e-11,True,1.3182649535050737e-07,2.4241370502669367e-08,1.0,,,,,,,single_softmax
opxrd_1126,opxrd,ablation3_cnn_aug_peaks_concat,training_results/ablation/ablation3_model.pth,1126,224,224,225,225,cubic,cubic,High symmetry,True,224,1.0,205,1.4209439e-09,50,3.607262e-12,True,2.9040141058392078e-08,5.3401466600056575e-09,1.0,,,,,,,single_softmax
opxrd_1135,opxrd,ablation3_cnn_aug_peaks_concat,training_results/ablation/ablation3_model.pth,1135,224,224,225,225,cubic,cubic,High symmetry,True,224,1.0,205,7.60149e-09,50,1.1385002e-10,True,1.4480242247657348e-07,2.6627493688621116e-08,1.0,,,,,,,single_softmax
opxrd_1138,opxrd,ablation3_cnn_aug_peaks_concat,training_results/ablation/ablation3_model.pth,1138,224,224,225,225,cubic,cubic,High symmetry,True,224,1.0,205,1.2081548e-08,50,3.9561562e-11,True,2.2123092321855633e-07,4.0681812575911604e-08,1.0,,,,,,,single_softmax
opxrd_1140,opxrd,ablation3_cnn_aug_peaks_concat,training_results/ablation/ablation3_model.pth,1140,224,224,225,225,cubic,cubic,High symmetry,True,224,1.0,205,1.1319255e-08,50,1.3576125e-10,True,2.1027150810527363e-07,3.8666502667632095e-08,1.0,,,,,,,single_softmax
opxrd_1142,opxrd,ablation3_cnn_aug_peaks_concat,training_results/ablation/ablation3_model.pth,1142,224,224,225,225,cubic,cubic,High symmetry,True,224,1.0,50,4.9696975e-08,190,4.8416976e-10,True,8.554283717816288e-07,1.5730340129059534e-07,1.0,,,,,,,single_softmax
opxrd_1145,opxrd,ablation3_cnn_aug_peaks_concat,training_results/ablation/ablation3_model.pth,1145,224,224,225,225,cubic,cubic,High symmetry,True,224,1.0,205,7.3232607e-09,50,3.3538257e-12,True,1.372673265008982e-07,2.52418765345441e-08,1.0,,,,,,,single_softmax
opxrd_1152,opxrd,ablation3_cnn_aug_peaks_concat,training_results/ablation/ablation3_model.pth,1152,224,224,225,225,cubic,cubic,High symmetry,True,224,1.0,205,1.7108305e-09,50,1.0302319e-10,True,3.71130119596229e-08,6.824654414054825e-09,1.0,,,,,,,single_softmax
opxrd_1175,opxrd,ablation3_cnn_aug_peaks_concat,training_results/ablation/ablation3_model.pth,1175,224,224,225,225,cubic,cubic,High symmetry,True,224,0.99999845,50,1.5547457e-06,226,4.784902e-09,True,2.258714225237367e-05,4.153514682161963e-06,0.99999845,,,,,,,single_softmax
opxrd_1180,opxrd,ablation3_cnn_aug_peaks_concat,training_results/ablation/ablation3_model.pth,1180,224,224,225,225,cubic,cubic,High symmetry,True,224,1.0,205,1.1361173e-08,50,1.3210336e-10,True,2.1097919170033333e-07,3.879663751025906e-08,1.0,,,,,,,single_softmax
opxrd_1183,opxrd,ablation3_cnn_aug_peaks_concat,training_results/ablation/ablation3_model.pth,1183,224,224,225,225,cubic,cubic,High symmetry,True,224,1.0,205,3.8110515e-09,50,6.526905e-11,True,7.547050634803395e-08,1.3878154778691157e-08,1.0,,,,,,,single_softmax
opxrd_1185,opxrd,ablation3_cnn_aug_peaks_concat,training_results/ablation/ablation3_model.pth,1185,224,224,225,225,cubic,cubic,High symmetry,True,224,0.9999999,205,7.159777e-08,50,2.5540717e-11,True,1.297790642773741e-06,2.386487156677233e-07,0.9999999,,,,,,,single_softmax
opxrd_1188,opxrd,ablation3_cnn_aug_peaks_concat,training_results/ablation/ablation3_model.pth,1188,224,224,225,225,cubic,cubic,High symmetry,True,224,1.0,205,2.32972e-09,50,3.4535506e-11,True,4.7166448809647445e-08,8.673365379620946e-09,1.0,,,,,,,single_softmax
opxrd_1190,opxrd,ablation3_cnn_aug_peaks_concat,training_results/ablation/ablation3_model.pth,1190,224,224,225,225,cubic,cubic,High symmetry,True,224,1.0,205,1.4516714e-10,50,1.6528619e-11,True,3.698553245817268e-09,6.801212405542547e-10,1.0,,,,,,,single_softmax
opxrd_aug_source_715_label_52,opxrd,ablation3_cnn_aug_peaks_concat,training_results/ablation/ablation3_model.pth,1218,52,52,53,53,orthorhombic,orthorhombic,Low symmetry,True,52,0.9996804,1,7.2202165e-05,17,4.890748e-05,True,0.0037286130447738426,0.0006856488905293573,0.9996804,,,,,,,single_softmax
