sample_id,dataset,model_name,checkpoint_path,fusion_mode,training_augmentation,peak_branch,fls_status,evaluation_split,true_label,pred_label,true_sg,pred_sg,correct,top1_label,top1_prob,top2_label,top2_prob,top3_label,top3_prob,top3_hit,predictive_entropy,normalized_predictive_entropy,max_probability,gate_weight,gate_mean,gate_median,gate_std
opxrd_0,opxrd,cnn_aug_peaks_concat,training_results/ablation/ablation3_model.pth,concat,yes,enabled,no_fls,legacy augmented 245 split,224,216,225,217,False,216,0.72452384,13,0.14009416,68,0.09120436,False,0.9706669281560236,0.1784944413302842,0.72452384,,,,
opxrd_1,opxrd,cnn_aug_peaks_concat,training_results/ablation/ablation3_model.pth,concat,yes,enabled,no_fls,legacy augmented 245 split,87,87,88,88,True,87,0.99349254,120,0.0023851097,215,0.0020514012,True,0.0501021309933583,0.0092132034395208,0.99349254,,,,
opxrd_7,opxrd,cnn_aug_peaks_concat,training_results/ablation/ablation3_model.pth,concat,yes,enabled,no_fls,legacy augmented 245 split,60,1,61,2,False,1,0.5209445,128,0.2148712,28,0.080599464,False,1.5751730579332195,0.2896561393189984,0.5209445,,,,
opxrd_15,opxrd,cnn_aug_peaks_concat,training_results/ablation/ablation3_model.pth,concat,yes,enabled,no_fls,legacy augmented 245 split,220,62,221,63,False,62,0.5091587,25,0.17121665,139,0.10071717,False,1.8378150764011436,0.337952974202771,0.5091587,,,,
opxrd_22,opxrd,cnn_aug_peaks_concat,training_results/ablation/ablation3_model.pth,concat,yes,enabled,no_fls,legacy augmented 245 split,215,226,216,227,False,226,0.98858786,138,0.002544117,14,0.002049223,False,0.0912783734476792,0.0167850390298469,0.98858786,,,,
opxrd_28,opxrd,cnn_aug_peaks_concat,training_results/ablation/ablation3_model.pth,concat,yes,enabled,no_fls,legacy augmented 245 split,14,73,15,74,False,73,0.99518716,14,0.0044321828,1,0.00020985432,True,0.0325003765982311,0.0059764440259085,0.99518716,,,,
opxrd_32,opxrd,cnn_aug_peaks_concat,training_results/ablation/ablation3_model.pth,concat,yes,enabled,no_fls,legacy augmented 245 split,13,60,14,61,False,60,0.77063465,1,0.05802283,11,0.04027961,False,1.1199130660776722,0.2059390829846923,0.77063465,,,,
opxrd_35,opxrd,cnn_aug_peaks_concat,training_results/ablation/ablation3_model.pth,concat,yes,enabled,no_fls,legacy augmented 245 split,1,13,2,14,False,13,0.5584566,1,0.21383746,59,0.14112754,True,1.2417999223304286,0.2283526686145958,0.5584566,,,,
opxrd_36,opxrd,cnn_aug_peaks_concat,training_results/ablation/ablation3_model.pth,concat,yes,enabled,no_fls,legacy augmented 245 split,162,162,163,163,True,162,0.4924241,60,0.33460036,18,0.093943596,True,1.368480379678909,0.2516477421418637,0.4924241,,,,
opxrd_37,opxrd,cnn_aug_peaks_concat,training_results/ablation/ablation3_model.pth,concat,yes,enabled,no_fls,legacy augmented 245 split,10,10,11,11,True,10,0.99975234,59,0.00019971974,1,2.1911892e-05,True,0.0025242567373115,0.0004641816703867,0.99975234,,,,
opxrd_38,opxrd,cnn_aug_peaks_concat,training_results/ablation/ablation3_model.pth,concat,yes,enabled,no_fls,legacy augmented 245 split,12,1,13,2,False,1,0.62049985,11,0.30401558,32,0.057363164,False,0.9138200209776424,0.1680409514216131,0.62049985,,,,
opxrd_46,opxrd,cnn_aug_peaks_concat,training_results/ablation/ablation3_model.pth,concat,yes,enabled,no_fls,legacy augmented 245 split,147,147,148,148,True,147,0.9999814,174,6.0692287e-06,12,5.8483433e-06,True,0.0002528175949286,4.6490236822001e-05,0.9999814,,,,
opxrd_53,opxrd,cnn_aug_peaks_concat,training_results/ablation/ablation3_model.pth,concat,yes,enabled,no_fls,legacy augmented 245 split,138,138,139,139,True,138,0.9870799,220,0.0027375224,166,0.0022705065,True,0.100218515598079,0.0184290279536072,0.9870799,,,,
opxrd_61,opxrd,cnn_aug_peaks_concat,training_results/ablation/ablation3_model.pth,concat,yes,enabled,no_fls,legacy augmented 245 split,13,10,14,11,False,10,0.43785384,13,0.26893857,1,0.06704152,True,1.842163874322492,0.3387526679318073,0.43785384,,,,
opxrd_68,opxrd,cnn_aug_peaks_concat,training_results/ablation/ablation3_model.pth,concat,yes,enabled,no_fls,legacy augmented 245 split,59,59,60,60,True,59,0.99999976,13,5.543938e-08,60,4.434715e-08,True,2.9087844363444467e-06,5.348918747050088e-07,0.99999976,,,,
opxrd_76,opxrd,cnn_aug_peaks_concat,training_results/ablation/ablation3_model.pth,concat,yes,enabled,no_fls,legacy augmented 245 split,128,128,129,129,True,128,0.9999832,204,8.171526e-06,87,2.8290608e-06,True,0.0002311211729626,4.250051531675186e-05,0.9999832,,,,
opxrd_83,opxrd,cnn_aug_peaks_concat,training_results/ablation/ablation3_model.pth,concat,yes,enabled,no_fls,legacy augmented 245 split,1,2,2,3,False,2,0.5822251,18,0.1780942,1,0.12690905,True,1.2552581097547877,0.2308274739015057,0.5822251,,,,
opxrd_85,opxrd,cnn_aug_peaks_concat,training_results/ablation/ablation3_model.pth,concat,yes,enabled,no_fls,legacy augmented 245 split,202,202,203,203,True,202,0.99998677,198,4.8518123e-06,87,4.66161e-06,True,0.0001831221533089,3.3674049771296564e-05,0.99998677,,,,
opxrd_94,opxrd,cnn_aug_peaks_concat,training_results/ablation/ablation3_model.pth,concat,yes,enabled,no_fls,legacy augmented 245 split,14,14,15,15,True,14,0.6065268,10,0.27086315,1,0.03977746,True,1.206495956268349,0.221860676854904,0.6065268,,,,
opxrd_97,opxrd,cnn_aug_peaks_concat,training_results/ablation/ablation3_model.pth,concat,yes,enabled,no_fls,legacy augmented 245 split,14,1,15,2,False,1,0.9972843,18,0.0026974557,73,4.366393e-06,False,0.0189104957437591,0.0034774218376567,0.9972843,,,,
opxrd_98,opxrd,cnn_aug_peaks_concat,training_results/ablation/ablation3_model.pth,concat,yes,enabled,no_fls,legacy augmented 245 split,1,1,2,2,True,1,0.25850332,57,0.2492844,18,0.10461982,True,2.406190626166243,0.4424706756699907,0.25850332,,,,
opxrd_106,opxrd,cnn_aug_peaks_concat,training_results/ablation/ablation3_model.pth,concat,yes,enabled,no_fls,legacy augmented 245 split,10,10,11,11,True,10,0.9996979,59,0.00015864402,1,0.00010938166,True,0.0031392375623967,0.0005772695439078,0.9996979,,,,
opxrd_114,opxrd,cnn_aug_peaks_concat,training_results/ablation/ablation3_model.pth,concat,yes,enabled,no_fls,legacy augmented 245 split,32,128,33,129,False,128,0.22722758,1,0.22249587,165,0.077278905,False,2.746007022801943,0.5049589876881889,0.22722758,,,,
opxrd_119,opxrd,cnn_aug_peaks_concat,training_results/ablation/ablation3_model.pth,concat,yes,enabled,no_fls,legacy augmented 245 split,61,61,62,62,True,61,0.9986749,62,0.0006518236,59,0.0005968423,True,0.0114536314531952,0.002106190587254,0.9986749,,,,
opxrd_120,opxrd,cnn_aug_peaks_concat,training_results/ablation/ablation3_model.pth,concat,yes,enabled,no_fls,legacy augmented 245 split,3,1,4,2,False,1,0.98171186,165,0.0055950605,10,0.0044237194,False,0.1244763690370269,0.0228897671339174,0.98171186,,,,
opxrd_124,opxrd,cnn_aug_peaks_concat,training_results/ablation/ablation3_model.pth,concat,yes,enabled,no_fls,legacy augmented 245 split,18,87,19,88,False,87,0.49968186,202,0.20995787,4,0.1596877,False,1.5102964178003662,0.2777260742266414,0.49968186,,,,
opxrd_125,opxrd,cnn_aug_peaks_concat,training_results/ablation/ablation3_model.pth,concat,yes,enabled,no_fls,legacy augmented 245 split,223,204,224,205,False,204,0.84507453,192,0.026651824,224,0.024452766,False,0.9078477019285826,0.1669427109014243,0.84507453,,,,
opxrd_127,opxrd,cnn_aug_peaks_concat,training_results/ablation/ablation3_model.pth,concat,yes,enabled,no_fls,legacy augmented 245 split,10,10,11,11,True,10,0.99936515,59,0.0005013833,1,4.0918178e-05,True,0.0059335066269244,0.0010911033638638,0.99936515,,,,
opxrd_150,opxrd,cnn_aug_peaks_concat,training_results/ablation/ablation3_model.pth,concat,yes,enabled,no_fls,legacy augmented 245 split,14,73,15,74,False,73,0.99348044,14,0.0061101546,1,0.00022956495,True,0.0415815044153061,0.0076463585860316,0.99348044,,,,
opxrd_152,opxrd,cnn_aug_peaks_concat,training_results/ablation/ablation3_model.pth,concat,yes,enabled,no_fls,legacy augmented 245 split,13,13,14,14,True,13,0.9797707,18,0.007935148,163,0.0044865236,True,0.14112554776751,0.025951358880688,0.9797707,,,,
opxrd_168,opxrd,cnn_aug_peaks_concat,training_results/ablation/ablation3_model.pth,concat,yes,enabled,no_fls,legacy augmented 245 split,226,226,227,227,True,226,0.9926131,138,0.0023308794,62,0.0012843872,True,0.0611886279713193,0.0112518822355011,0.9926131,,,,
opxrd_170,opxrd,cnn_aug_peaks_concat,training_results/ablation/ablation3_model.pth,concat,yes,enabled,no_fls,legacy augmented 245 split,59,59,60,60,True,59,0.9999949,60,1.6758565e-06,25,1.288405e-06,True,7.572335852053789e-05,1.3924651373930038e-05,0.9999949,,,,
opxrd_178,opxrd,cnn_aug_peaks_concat,training_results/ablation/ablation3_model.pth,concat,yes,enabled,no_fls,legacy augmented 245 split,192,192,193,193,True,192,0.99172664,165,0.0029312305,45,0.0013225416,True,0.0686149062886777,0.0126174890785592,0.99172664,,,,
opxrd_184,opxrd,cnn_aug_peaks_concat,training_results/ablation/ablation3_model.pth,concat,yes,enabled,no_fls,legacy augmented 245 split,13,13,14,14,True,13,0.9620592,35,0.01383906,18,0.012667284,True,0.2306303327667651,0.0424102554716938,0.9620592,,,,
opxrd_187,opxrd,cnn_aug_peaks_concat,training_results/ablation/ablation3_model.pth,concat,yes,enabled,no_fls,legacy augmented 245 split,124,124,125,125,True,124,0.9994711,91,0.00017660877,59,0.00010662025,True,0.0056289138934939,0.001035092276837,0.9994711,,,,
opxrd_189,opxrd,cnn_aug_peaks_concat,training_results/ablation/ablation3_model.pth,concat,yes,enabled,no_fls,legacy augmented 245 split,1,59,2,60,False,59,0.19678228,91,0.16048002,192,0.14308491,False,2.9820832306619787,0.5483706767146187,0.19678228,,,,
opxrd_200,opxrd,cnn_aug_peaks_concat,training_results/ablation/ablation3_model.pth,concat,yes,enabled,no_fls,legacy augmented 245 split,73,1,74,2,False,1,0.41326335,18,0.25731218,197,0.087789394,False,2.0441718795893777,0.3758996078330729,0.41326335,,,,
opxrd_201,opxrd,cnn_aug_peaks_concat,training_results/ablation/ablation3_model.pth,concat,yes,enabled,no_fls,legacy augmented 245 split,13,13,14,14,True,13,0.9000092,35,0.050017346,18,0.033588145,True,0.4636201537139988,0.0852543935784932,0.9000092,,,,
opxrd_203,opxrd,cnn_aug_peaks_concat,training_results/ablation/ablation3_model.pth,concat,yes,enabled,no_fls,legacy augmented 245 split,70,87,71,88,False,87,0.09965338,13,0.04616196,192,0.042716347,False,4.222463065614948,0.7764622076560052,0.09965338,,,,
opxrd_211,opxrd,cnn_aug_peaks_concat,training_results/ablation/ablation3_model.pth,concat,yes,enabled,no_fls,legacy augmented 245 split,61,61,62,62,True,61,0.8627242,138,0.052861378,13,0.028518267,True,0.6768064644460181,0.1244568947965626,0.8627242,,,,
opxrd_212,opxrd,cnn_aug_peaks_concat,training_results/ablation/ablation3_model.pth,concat,yes,enabled,no_fls,legacy augmented 245 split,128,128,129,129,True,128,0.9996729,204,8.9445384e-05,13,5.9231814e-05,True,0.0037458778572647,0.0006888236902169,0.9996729,,,,
opxrd_213,opxrd,cnn_aug_peaks_concat,training_results/ablation/ablation3_model.pth,concat,yes,enabled,no_fls,legacy augmented 245 split,73,1,74,2,False,1,0.81704646,13,0.14393114,18,0.017028775,False,0.6361351168252508,0.1169779035369039,0.81704646,,,,
opxrd_231,opxrd,cnn_aug_peaks_concat,training_results/ablation/ablation3_model.pth,concat,yes,enabled,no_fls,legacy augmented 245 split,3,3,4,4,True,3,0.9063588,18,0.026252134,1,0.023965826,True,0.4954209030258681,0.0911021842239309,0.9063588,,,,
opxrd_232,opxrd,cnn_aug_peaks_concat,training_results/ablation/ablation3_model.pth,concat,yes,enabled,no_fls,legacy augmented 245 split,147,10,148,11,False,10,0.29767495,87,0.16903844,13,0.13774927,False,2.0974384097046097,0.3856947077367887,0.29767495,,,,
opxrd_239,opxrd,cnn_aug_peaks_concat,training_results/ablation/ablation3_model.pth,concat,yes,enabled,no_fls,legacy augmented 245 split,175,175,176,176,True,175,0.8376855,163,0.018736193,12,0.011427669,True,1.0409314819092612,0.1914152815317027,0.8376855,,,,
opxrd_247,opxrd,cnn_aug_peaks_concat,training_results/ablation/ablation3_model.pth,concat,yes,enabled,no_fls,legacy augmented 245 split,18,18,19,19,True,18,0.9965412,1,0.0016252386,204,0.00052457745,True,0.0298307178073656,0.005485524596601,0.9965412,,,,
opxrd_252,opxrd,cnn_aug_peaks_concat,training_results/ablation/ablation3_model.pth,concat,yes,enabled,no_fls,legacy augmented 245 split,35,35,36,36,True,35,0.9482771,18,0.019854186,32,0.011950728,True,0.2982245837284126,0.0548400578195069,0.9482771,,,,
opxrd_255,opxrd,cnn_aug_peaks_concat,training_results/ablation/ablation3_model.pth,concat,yes,enabled,no_fls,legacy augmented 245 split,13,60,14,61,False,60,0.7028326,1,0.12859622,12,0.03947874,False,1.2377605872069446,0.2276098815212086,0.7028326,,,,
opxrd_264,opxrd,cnn_aug_peaks_concat,training_results/ablation/ablation3_model.pth,concat,yes,enabled,no_fls,legacy augmented 245 split,59,59,60,60,True,59,0.9999994,60,1.684937e-07,13,1.4456023e-07,True,9.836243407966087e-06,1.8087715991611348e-06,0.9999994,,,,
opxrd_267,opxrd,cnn_aug_peaks_concat,training_results/ablation/ablation3_model.pth,concat,yes,enabled,no_fls,legacy augmented 245 split,220,220,221,221,True,220,0.63539046,1,0.2988777,136,0.022172129,True,0.977772385010896,0.1798010528104097,0.63539046,,,,
opxrd_276,opxrd,cnn_aug_peaks_concat,training_results/ablation/ablation3_model.pth,concat,yes,enabled,no_fls,legacy augmented 245 split,14,59,15,60,False,59,0.32298398,13,0.31075802,228,0.09314935,False,2.075458312677992,0.381652821663051,0.32298398,,,,
opxrd_283,opxrd,cnn_aug_peaks_concat,training_results/ablation/ablation3_model.pth,concat,yes,enabled,no_fls,legacy augmented 245 split,1,1,2,2,True,1,0.15204865,87,0.13693607,59,0.11546812,True,3.1481815107474813,0.5789142327478962,0.15204865,,,,
opxrd_285,opxrd,cnn_aug_peaks_concat,training_results/ablation/ablation3_model.pth,concat,yes,enabled,no_fls,legacy augmented 245 split,32,1,33,2,False,1,0.9827015,18,0.01481879,13,0.0013295404,False,0.0992822894196142,0.0182568667685123,0.9827015,,,,
opxrd_286,opxrd,cnn_aug_peaks_concat,training_results/ablation/ablation3_model.pth,concat,yes,enabled,no_fls,legacy augmented 245 split,128,128,129,129,True,128,0.9999721,87,9.290842e-06,204,6.8183544e-06,True,0.0003718894421238,6.83861747866885e-05,0.9999721,,,,
opxrd_289,opxrd,cnn_aug_peaks_concat,training_results/ablation/ablation3_model.pth,concat,yes,enabled,no_fls,legacy augmented 245 split,32,32,33,33,True,32,0.7869748,35,0.11783093,42,0.07211483,True,0.7581625885125202,0.13941734672175,0.7869748,,,,
opxrd_294,opxrd,cnn_aug_peaks_concat,training_results/ablation/ablation3_model.pth,concat,yes,enabled,no_fls,legacy augmented 245 split,204,204,205,205,True,204,0.940789,224,0.019068273,31,0.0057675885,True,0.3968968444196669,0.0729847473479119,0.940789,,,,
opxrd_304,opxrd,cnn_aug_peaks_concat,training_results/ablation/ablation3_model.pth,concat,yes,enabled,no_fls,legacy augmented 245 split,13,1,14,2,False,1,0.68018025,11,0.07587304,18,0.024517601,False,1.677129535295788,0.3084047583755963,0.68018025,,,,
opxrd_309,opxrd,cnn_aug_peaks_concat,training_results/ablation/ablation3_model.pth,concat,yes,enabled,no_fls,legacy augmented 245 split,14,18,15,19,False,18,0.88710225,1,0.10958581,4,0.0012568149,False,0.374734004186569,0.0689092569083496,0.88710225,,,,
opxrd_310,opxrd,cnn_aug_peaks_concat,training_results/ablation/ablation3_model.pth,concat,yes,enabled,no_fls,legacy augmented 245 split,61,61,62,62,True,61,0.868026,13,0.058052145,138,0.029309347,True,0.6370482626291722,0.117145820507593,0.868026,,,,
opxrd_312,opxrd,cnn_aug_peaks_concat,training_results/ablation/ablation3_model.pth,concat,yes,enabled,no_fls,legacy augmented 245 split,141,163,142,164,False,163,0.16996065,61,0.053857367,18,0.04784618,False,3.6409958102250055,0.66953709267362,0.16996065,,,,
opxrd_314,opxrd,cnn_aug_peaks_concat,training_results/ablation/ablation3_model.pth,concat,yes,enabled,no_fls,legacy augmented 245 split,226,226,227,227,True,226,0.95467967,138,0.026766049,145,0.0049160155,True,0.2686842771695467,0.049407936498585,0.95467967,,,,
opxrd_315,opxrd,cnn_aug_peaks_concat,training_results/ablation/ablation3_model.pth,concat,yes,enabled,no_fls,legacy augmented 245 split,59,59,60,60,True,59,0.9999963,228,1.1037956e-06,60,1.0539676e-06,True,5.8033561869051785e-05,1.0671702005858226e-05,0.9999963,,,,
opxrd_328,opxrd,cnn_aug_peaks_concat,training_results/ablation/ablation3_model.pth,concat,yes,enabled,no_fls,legacy augmented 245 split,62,12,63,13,False,12,0.88286805,69,0.081319556,197,0.008835595,False,0.529037342143944,0.0972838592618281,0.88286805,,,,
opxrd_334,opxrd,cnn_aug_peaks_concat,training_results/ablation/ablation3_model.pth,concat,yes,enabled,no_fls,legacy augmented 245 split,147,147,148,148,True,147,0.99998176,138,1.2101111e-05,12,3.591219e-06,True,0.0002381828620168,4.379907840365815e-05,0.99998176,,,,
opxrd_338,opxrd,cnn_aug_peaks_concat,training_results/ablation/ablation3_model.pth,concat,yes,enabled,no_fls,legacy augmented 245 split,220,70,221,71,False,70,0.97346526,220,0.017311297,139,0.0026144935,True,0.1555452715839504,0.0286029796087601,0.97346526,,,,
opxrd_343,opxrd,cnn_aug_peaks_concat,training_results/ablation/ablation3_model.pth,concat,yes,enabled,no_fls,legacy augmented 245 split,73,64,74,65,False,64,0.61673343,139,0.27580333,61,0.025277544,False,1.1638702215116334,0.2140222963651653,0.61673343,,,,
opxrd_344,opxrd,cnn_aug_peaks_concat,training_results/ablation/ablation3_model.pth,concat,yes,enabled,no_fls,legacy augmented 245 split,60,60,61,61,True,60,0.9995091,62,9.857864e-05,25,7.5284246e-05,True,0.0056681121795552,0.001042300389083,0.9995091,,,,
opxrd_345,opxrd,cnn_aug_peaks_concat,training_results/ablation/ablation3_model.pth,concat,yes,enabled,no_fls,legacy augmented 245 split,84,18,85,19,False,18,0.7381019,1,0.10470337,204,0.04584051,False,1.211207557886448,0.2227270859950517,0.7381019,,,,
opxrd_346,opxrd,cnn_aug_peaks_concat,training_results/ablation/ablation3_model.pth,concat,yes,enabled,no_fls,legacy augmented 245 split,224,224,225,225,True,224,0.9842525,220,0.005191258,70,0.004946834,True,0.1105576097082244,0.0203302679912765,0.9842525,,,,
opxrd_347,opxrd,cnn_aug_peaks_concat,training_results/ablation/ablation3_model.pth,concat,yes,enabled,no_fls,legacy augmented 245 split,14,14,15,15,True,14,0.8574976,204,0.036230747,71,0.016691346,True,0.775751890636734,0.142651816306508,0.8574976,,,,
opxrd_350,opxrd,cnn_aug_peaks_concat,training_results/ablation/ablation3_model.pth,concat,yes,enabled,no_fls,legacy augmented 245 split,13,32,14,33,False,32,0.62791795,18,0.07312074,28,0.0639346,False,1.6987607779403375,0.3123824941561421,0.62791795,,,,
opxrd_352,opxrd,cnn_aug_peaks_concat,training_results/ablation/ablation3_model.pth,concat,yes,enabled,no_fls,legacy augmented 245 split,14,18,15,19,False,18,0.2822216,59,0.2648485,60,0.11876968,False,2.248312743734588,0.4134387558573102,0.2822216,,,,
opxrd_355,opxrd,cnn_aug_peaks_concat,training_results/ablation/ablation3_model.pth,concat,yes,enabled,no_fls,legacy augmented 245 split,166,204,167,205,False,204,0.45580232,1,0.09979644,4,0.07630749,False,2.4666803627050453,0.4535940398400473,0.45580232,,,,
opxrd_357,opxrd,cnn_aug_peaks_concat,training_results/ablation/ablation3_model.pth,concat,yes,enabled,no_fls,legacy augmented 245 split,3,3,4,4,True,3,0.5543552,163,0.28306425,13,0.10114132,True,1.1955994810024355,0.2198569408578887,0.5543552,,,,
opxrd_360,opxrd,cnn_aug_peaks_concat,training_results/ablation/ablation3_model.pth,concat,yes,enabled,no_fls,legacy augmented 245 split,226,163,227,164,False,163,0.4347867,3,0.3758192,13,0.09236395,False,1.3888223238695518,0.2553883908222286,0.4347867,,,,
opxrd_369,opxrd,cnn_aug_peaks_concat,training_results/ablation/ablation3_model.pth,concat,yes,enabled,no_fls,legacy augmented 245 split,120,120,121,121,True,120,0.73360497,87,0.22545095,215,0.021829622,True,0.7568851791760647,0.1391824458930035,0.73360497,,,,
opxrd_373,opxrd,cnn_aug_peaks_concat,training_results/ablation/ablation3_model.pth,concat,yes,enabled,no_fls,legacy augmented 245 split,1,14,2,15,False,14,0.3613514,1,0.06584549,162,0.06181012,True,2.830278682938782,0.5204555730356222,0.3613514,,,,
opxrd_379,opxrd,cnn_aug_peaks_concat,training_results/ablation/ablation3_model.pth,concat,yes,enabled,no_fls,legacy augmented 245 split,71,71,72,72,True,71,0.99814546,13,0.00094088615,185,0.000640781,True,0.0159412628478603,0.0029314141891426,0.99814546,,,,
opxrd_381,opxrd,cnn_aug_peaks_concat,training_results/ablation/ablation3_model.pth,concat,yes,enabled,no_fls,legacy augmented 245 split,160,17,161,18,False,17,0.44306833,11,0.323243,1,0.07191586,False,1.4858739257650733,0.2732350599092851,0.44306833,,,,
opxrd_392,opxrd,cnn_aug_peaks_concat,training_results/ablation/ablation3_model.pth,concat,yes,enabled,no_fls,legacy augmented 245 split,28,197,29,198,False,197,0.8627394,11,0.035858534,13,0.03394581,False,0.74633216743946,0.1372418688735973,0.8627394,,,,
opxrd_408,opxrd,cnn_aug_peaks_concat,training_results/ablation/ablation3_model.pth,concat,yes,enabled,no_fls,legacy augmented 245 split,1,1,2,2,True,1,0.99869376,162,0.00050444726,18,0.00025051573,True,0.0125287497088502,0.0023038924217769,0.99869376,,,,
opxrd_410,opxrd,cnn_aug_peaks_concat,training_results/ablation/ablation3_model.pth,concat,yes,enabled,no_fls,legacy augmented 245 split,11,11,12,12,True,11,0.30111516,32,0.17735057,60,0.08322686,True,2.540406173917121,0.4671513653264744,0.30111516,,,,
opxrd_415,opxrd,cnn_aug_peaks_concat,training_results/ablation/ablation3_model.pth,concat,yes,enabled,no_fls,legacy augmented 245 split,13,60,14,61,False,60,0.3340065,61,0.25455788,87,0.14219403,False,2.261845958609845,0.415927357826217,0.3340065,,,,
opxrd_429,opxrd,cnn_aug_peaks_concat,training_results/ablation/ablation3_model.pth,concat,yes,enabled,no_fls,legacy augmented 245 split,140,226,141,227,False,226,0.96823156,14,0.024652233,87,0.0036953639,False,0.1711835277168989,0.0314786743613703,0.96823156,,,,
opxrd_433,opxrd,cnn_aug_peaks_concat,training_results/ablation/ablation3_model.pth,concat,yes,enabled,no_fls,legacy augmented 245 split,13,14,14,15,False,14,0.6531529,13,0.085954204,10,0.045360208,True,1.5845648488414446,0.291383181234848,0.6531529,,,,
opxrd_435,opxrd,cnn_aug_peaks_concat,training_results/ablation/ablation3_model.pth,concat,yes,enabled,no_fls,legacy augmented 245 split,139,139,140,140,True,139,0.36211324,91,0.17874712,59,0.09781011,True,2.296919338394876,0.4223769474317749,0.36211324,,,,
opxrd_464,opxrd,cnn_aug_peaks_concat,training_results/ablation/ablation3_model.pth,concat,yes,enabled,no_fls,legacy augmented 245 split,73,73,74,74,True,73,0.9997887,14,0.00016239518,1,3.1952055e-05,True,0.0021682635657339,0.0003987186362243,0.9997887,,,,
opxrd_467,opxrd,cnn_aug_peaks_concat,training_results/ablation/ablation3_model.pth,concat,yes,enabled,no_fls,legacy augmented 245 split,59,59,60,60,True,59,0.99999976,13,9.7940216e-08,60,5.401267e-08,True,4.138873149246355e-06,7.610909871165341e-07,0.99999976,,,,
opxrd_482,opxrd,cnn_aug_peaks_concat,training_results/ablation/ablation3_model.pth,concat,yes,enabled,no_fls,legacy augmented 245 split,13,14,14,15,False,14,0.5157507,204,0.45499185,18,0.009688509,False,0.8740883532906822,0.1607347564527818,0.5157507,,,,
opxrd_496,opxrd,cnn_aug_peaks_concat,training_results/ablation/ablation3_model.pth,concat,yes,enabled,no_fls,legacy augmented 245 split,147,147,148,148,True,147,0.99999976,12,2.4349936e-07,174,1.1664139e-08,True,4.450160490326392e-06,8.183331351979817e-07,0.99999976,,,,
opxrd_503,opxrd,cnn_aug_peaks_concat,training_results/ablation/ablation3_model.pth,concat,yes,enabled,no_fls,legacy augmented 245 split,13,13,14,14,True,13,0.9982614,35,0.0006322553,1,0.00050524116,True,0.0157746505095594,0.0029007761037385,0.9982614,,,,
opxrd_507,opxrd,cnn_aug_peaks_concat,training_results/ablation/ablation3_model.pth,concat,yes,enabled,no_fls,legacy augmented 245 split,86,226,87,227,False,226,0.07911234,71,0.062475957,192,0.06210231,False,3.7805524619205904,0.6951999496802456,0.07911234,,,,
opxrd_511,opxrd,cnn_aug_peaks_concat,training_results/ablation/ablation3_model.pth,concat,yes,enabled,no_fls,legacy augmented 245 split,18,1,19,2,False,1,0.64252925,60,0.11876255,204,0.059678074,False,1.441593077423257,0.2650923231402283,0.64252925,,,,
opxrd_512,opxrd,cnn_aug_peaks_concat,training_results/ablation/ablation3_model.pth,concat,yes,enabled,no_fls,legacy augmented 245 split,73,73,74,74,True,73,0.997331,14,0.0024716484,1,0.00011144519,True,0.0195144764904403,0.0035884869237599,0.997331,,,,
opxrd_513,opxrd,cnn_aug_peaks_concat,training_results/ablation/ablation3_model.pth,concat,yes,enabled,no_fls,legacy augmented 245 split,13,13,14,14,True,13,0.49100935,59,0.46388003,60,0.011163208,True,0.9384083259152796,0.1725624568173308,0.49100935,,,,
opxrd_519,opxrd,cnn_aug_peaks_concat,training_results/ablation/ablation3_model.pth,concat,yes,enabled,no_fls,legacy augmented 245 split,147,181,148,182,False,181,0.49880007,11,0.20657282,13,0.08116012,False,1.9207065109218693,0.3531957519946858,0.49880007,,,,
opxrd_529,opxrd,cnn_aug_peaks_concat,training_results/ablation/ablation3_model.pth,concat,yes,enabled,no_fls,legacy augmented 245 split,226,226,227,227,True,226,0.89646804,220,0.048691235,140,0.008570031,True,0.5553916965851662,0.1021301207714714,0.89646804,,,,
opxrd_531,opxrd,cnn_aug_peaks_concat,training_results/ablation/ablation3_model.pth,concat,yes,enabled,no_fls,legacy augmented 245 split,13,51,14,52,False,51,0.96290743,1,0.029654996,56,0.0034977766,False,0.1923581554633665,0.0353724439339697,0.96290743,,,,
opxrd_535,opxrd,cnn_aug_peaks_concat,training_results/ablation/ablation3_model.pth,concat,yes,enabled,no_fls,legacy augmented 245 split,163,197,164,198,False,197,0.3553951,11,0.29936966,165,0.15721406,False,1.6767147593656166,0.3083284858708002,0.3553951,,,,
opxrd_536,opxrd,cnn_aug_peaks_concat,training_results/ablation/ablation3_model.pth,concat,yes,enabled,no_fls,legacy augmented 245 split,59,175,60,176,False,175,0.35015902,163,0.05114816,71,0.029705206,False,3.293106646667336,0.6055642920219585,0.35015902,,,,
opxrd_540,opxrd,cnn_aug_peaks_concat,training_results/ablation/ablation3_model.pth,concat,yes,enabled,no_fls,legacy augmented 245 split,193,193,194,194,True,193,0.6620752,166,0.03814457,45,0.02662941,True,1.921116300628211,0.3532711075904877,0.6620752,,,,
opxrd_542,opxrd,cnn_aug_peaks_concat,training_results/ablation/ablation3_model.pth,concat,yes,enabled,no_fls,legacy augmented 245 split,57,57,58,58,True,57,0.9999999,1,1.607742e-07,60,3.9404526e-08,True,3.419599192179289e-06,6.288248107320102e-07,0.9999999,,,,
opxrd_544,opxrd,cnn_aug_peaks_concat,training_results/ablation/ablation3_model.pth,concat,yes,enabled,no_fls,legacy augmented 245 split,87,87,88,88,True,87,0.9949675,14,0.0020995194,32,0.001057036,True,0.0411480430073731,0.0075666500376069,0.9949675,,,,
opxrd_545,opxrd,cnn_aug_peaks_concat,training_results/ablation/ablation3_model.pth,concat,yes,enabled,no_fls,legacy augmented 245 split,13,13,14,14,True,13,0.9999167,32,3.400267e-05,12,1.46412385e-05,True,0.0010320564840257,0.0001897832718864,0.9999167,,,,
opxrd_553,opxrd,cnn_aug_peaks_concat,training_results/ablation/ablation3_model.pth,concat,yes,enabled,no_fls,legacy augmented 245 split,61,61,62,62,True,61,0.99576473,62,0.003587506,226,0.00018375552,True,0.030715288380514,0.005648186912264,0.99576473,,,,
opxrd_557,opxrd,cnn_aug_peaks_concat,training_results/ablation/ablation3_model.pth,concat,yes,enabled,no_fls,legacy augmented 245 split,62,12,63,13,False,12,0.7577625,69,0.21017094,13,0.007533009,False,0.73695286042274,0.1355171226012637,0.7577625,,,,
opxrd_558,opxrd,cnn_aug_peaks_concat,training_results/ablation/ablation3_model.pth,concat,yes,enabled,no_fls,legacy augmented 245 split,14,11,15,12,False,11,0.6628201,13,0.29491523,28,0.017498445,False,0.8414548818685861,0.1547338378254001,0.6628201,,,,
opxrd_560,opxrd,cnn_aug_peaks_concat,training_results/ablation/ablation3_model.pth,concat,yes,enabled,no_fls,legacy augmented 245 split,128,147,129,148,False,147,0.56024504,145,0.29627976,13,0.07985235,False,1.1693059277386773,0.2150218599828059,0.56024504,,,,
opxrd_561,opxrd,cnn_aug_peaks_concat,training_results/ablation/ablation3_model.pth,concat,yes,enabled,no_fls,legacy augmented 245 split,61,61,62,62,True,61,0.91648334,59,0.07154065,25,0.0024235179,True,0.3544973384839211,0.0651879677264427,0.91648334,,,,
opxrd_564,opxrd,cnn_aug_peaks_concat,training_results/ablation/ablation3_model.pth,concat,yes,enabled,no_fls,legacy augmented 245 split,91,91,92,92,True,91,0.5075047,124,0.45671487,59,0.010741615,True,0.9207978819401252,0.1693240994902765,0.5075047,,,,
opxrd_576,opxrd,cnn_aug_peaks_concat,training_results/ablation/ablation3_model.pth,concat,yes,enabled,no_fls,legacy augmented 245 split,175,175,176,176,True,175,0.9977882,14,0.0007901593,73,0.0004560663,True,0.0210156400348703,0.0038645335680166,0.9977882,,,,
opxrd_586,opxrd,cnn_aug_peaks_concat,training_results/ablation/ablation3_model.pth,concat,yes,enabled,no_fls,legacy augmented 245 split,61,12,62,13,False,12,0.55054,175,0.11267567,202,0.089835875,False,1.7915952344502055,0.3294536788954927,0.55054,,,,
opxrd_588,opxrd,cnn_aug_peaks_concat,training_results/ablation/ablation3_model.pth,concat,yes,enabled,no_fls,legacy augmented 245 split,1,1,2,2,True,1,0.99273986,10,0.002421013,136,0.00088630524,True,0.0606069756319941,0.0111449230857199,0.99273986,,,,
opxrd_600,opxrd,cnn_aug_peaks_concat,training_results/ablation/ablation3_model.pth,concat,yes,enabled,no_fls,legacy augmented 245 split,13,59,14,60,False,59,0.15081616,166,0.12483702,3,0.1160442,False,3.050865341717757,0.5610189128193985,0.15081616,,,,
opxrd_608,opxrd,cnn_aug_peaks_concat,training_results/ablation/ablation3_model.pth,concat,yes,enabled,no_fls,legacy augmented 245 split,18,18,19,19,True,18,0.55775195,1,0.1927412,3,0.10957082,True,1.5232889351294734,0.2801152481593915,0.55775195,,,,
opxrd_613,opxrd,cnn_aug_peaks_concat,training_results/ablation/ablation3_model.pth,concat,yes,enabled,no_fls,legacy augmented 245 split,122,13,123,14,False,13,0.19827998,138,0.09605619,226,0.06503483,False,3.484284023190029,0.6407196043413275,0.19827998,,,,
opxrd_618,opxrd,cnn_aug_peaks_concat,training_results/ablation/ablation3_model.pth,concat,yes,enabled,no_fls,legacy augmented 245 split,128,128,129,129,True,128,0.999997,1,2.7196033e-06,13,1.5114276e-07,True,4.1956958927616704e-05,7.71540033606547e-06,0.999997,,,,
opxrd_619,opxrd,cnn_aug_peaks_concat,training_results/ablation/ablation3_model.pth,concat,yes,enabled,no_fls,legacy augmented 245 split,13,60,14,61,False,60,0.42292392,59,0.15649973,13,0.09270808,True,2.13446565449826,0.3925035905592391,0.42292392,,,,
opxrd_624,opxrd,cnn_aug_peaks_concat,training_results/ablation/ablation3_model.pth,concat,yes,enabled,no_fls,legacy augmented 245 split,13,25,14,26,False,25,0.28658113,31,0.18143535,14,0.1558648,False,2.614073881068575,0.4806980061469888,0.28658113,,,,
opxrd_627,opxrd,cnn_aug_peaks_concat,training_results/ablation/ablation3_model.pth,concat,yes,enabled,no_fls,legacy augmented 245 split,73,73,74,74,True,73,0.9953283,14,0.0043502185,1,0.00018056888,True,0.0314704112838061,0.0057870452959682,0.9953283,,,,
opxrd_629,opxrd,cnn_aug_peaks_concat,training_results/ablation/ablation3_model.pth,concat,yes,enabled,no_fls,legacy augmented 245 split,128,128,129,129,True,128,0.9999988,1,1.0728942e-06,13,5.924098e-08,True,1.747146859929141e-05,3.212801359962322e-06,0.9999988,,,,
opxrd_631,opxrd,cnn_aug_peaks_concat,training_results/ablation/ablation3_model.pth,concat,yes,enabled,no_fls,legacy augmented 245 split,165,165,166,166,True,165,0.9993642,192,0.0001710817,1,0.00016894026,True,0.0064505468175228,0.0011861810854686,0.9993642,,,,
opxrd_632,opxrd,cnn_aug_peaks_concat,training_results/ablation/ablation3_model.pth,concat,yes,enabled,no_fls,legacy augmented 245 split,165,165,166,166,True,165,0.9998851,138,4.9899056e-05,163,2.1200685e-05,True,0.0013590752822287,0.0002499182533065,0.9998851,,,,
opxrd_633,opxrd,cnn_aug_peaks_concat,training_results/ablation/ablation3_model.pth,concat,yes,enabled,no_fls,legacy augmented 245 split,197,226,198,227,False,226,0.98024493,138,0.0051069004,62,0.003798059,False,0.1481748714341736,0.0272476481155833,0.98024493,,,,
opxrd_634,opxrd,cnn_aug_peaks_concat,training_results/ablation/ablation3_model.pth,concat,yes,enabled,no_fls,legacy augmented 245 split,192,192,193,193,True,192,0.99711335,165,0.001076001,45,0.00043706418,True,0.026822724257795,0.0049323893113846,0.99711335,,,,
opxrd_635,opxrd,cnn_aug_peaks_concat,training_results/ablation/ablation3_model.pth,concat,yes,enabled,no_fls,legacy augmented 245 split,1,192,2,193,False,192,0.14529657,87,0.12405637,59,0.08007138,False,3.398936002312372,0.6250250886806948,0.14529657,,,,
opxrd_642,opxrd,cnn_aug_peaks_concat,training_results/ablation/ablation3_model.pth,concat,yes,enabled,no_fls,legacy augmented 245 split,139,139,140,140,True,139,0.99800605,60,0.000383829,226,0.00030998338,True,0.0201798588385023,0.0037108430554497,0.99800605,,,,
opxrd_646,opxrd,cnn_aug_peaks_concat,training_results/ablation/ablation3_model.pth,concat,yes,enabled,no_fls,legacy augmented 245 split,18,18,19,19,True,18,0.9951939,61,0.00091723964,87,0.0008163589,True,0.0427527164186375,0.0078617309513095,0.9951939,,,,
opxrd_651,opxrd,cnn_aug_peaks_concat,training_results/ablation/ablation3_model.pth,concat,yes,enabled,no_fls,legacy augmented 245 split,13,13,14,14,True,13,0.9904789,18,0.002940966,35,0.0027913423,True,0.0710957115774455,0.013073680529224,0.9904789,,,,
opxrd_666,opxrd,cnn_aug_peaks_concat,training_results/ablation/ablation3_model.pth,concat,yes,enabled,no_fls,legacy augmented 245 split,13,59,14,60,False,59,0.8616193,204,0.055623237,166,0.02416473,False,0.6429454978378872,0.1182302539764169,0.8616193,,,,
opxrd_667,opxrd,cnn_aug_peaks_concat,training_results/ablation/ablation3_model.pth,concat,yes,enabled,no_fls,legacy augmented 245 split,1,1,2,2,True,1,0.8417907,18,0.09904702,162,0.043278527,True,0.609518338128763,0.1120833852365155,0.8417907,,,,
opxrd_670,opxrd,cnn_aug_peaks_concat,training_results/ablation/ablation3_model.pth,concat,yes,enabled,no_fls,legacy augmented 245 split,14,160,15,161,False,160,0.50103754,18,0.2101243,13,0.09590266,False,1.7266858001451209,0.3175175833334849,0.50103754,,,,
opxrd_676,opxrd,cnn_aug_peaks_concat,training_results/ablation/ablation3_model.pth,concat,yes,enabled,no_fls,legacy augmented 245 split,13,59,14,60,False,59,0.3199122,1,0.2887828,18,0.1686468,False,1.8712994134826428,0.3441103572013153,0.3199122,,,,
opxrd_677,opxrd,cnn_aug_peaks_concat,training_results/ablation/ablation3_model.pth,concat,yes,enabled,no_fls,legacy augmented 245 split,18,1,19,2,False,1,0.88244843,18,0.11078154,13,0.0047615934,True,0.3935045717720356,0.0723609475732258,0.88244843,,,,
opxrd_683,opxrd,cnn_aug_peaks_concat,training_results/ablation/ablation3_model.pth,concat,yes,enabled,no_fls,legacy augmented 245 split,1,1,2,2,True,1,0.4977655,11,0.49600083,62,0.002918423,True,0.7370661196195244,0.1355379496599273,0.4977655,,,,
opxrd_691,opxrd,cnn_aug_peaks_concat,training_results/ablation/ablation3_model.pth,concat,yes,enabled,no_fls,legacy augmented 245 split,25,25,26,26,True,25,0.8201279,12,0.08404933,197,0.06865892,True,0.7268101348029374,0.1336519924618117,0.8201279,,,,
opxrd_695,opxrd,cnn_aug_peaks_concat,training_results/ablation/ablation3_model.pth,concat,yes,enabled,no_fls,legacy augmented 245 split,147,147,148,148,True,147,1.0,12,3.4955384e-08,174,7.754418e-09,True,8.220590627170525e-07,1.5116717061631637e-07,1.0,,,,
opxrd_707,opxrd,cnn_aug_peaks_concat,training_results/ablation/ablation3_model.pth,concat,yes,enabled,no_fls,legacy augmented 245 split,190,190,191,191,True,190,0.9996332,139,0.00017127405,165,7.183283e-05,True,0.004030486359508,0.0007411599078546,0.9996332,,,,
opxrd_708,opxrd,cnn_aug_peaks_concat,training_results/ablation/ablation3_model.pth,concat,yes,enabled,no_fls,legacy augmented 245 split,44,44,45,45,True,44,0.9999906,174,9.327191e-06,147,1.4620566e-07,True,0.0001201302893576,2.2090573258189125e-05,0.9999906,,,,
opxrd_710,opxrd,cnn_aug_peaks_concat,training_results/ablation/ablation3_model.pth,concat,yes,enabled,no_fls,legacy augmented 245 split,8,13,9,14,False,13,0.9058923,14,0.04337932,145,0.028894886,False,0.4600987627501213,0.0846068504361747,0.9058923,,,,
opxrd_727,opxrd,cnn_aug_peaks_concat,training_results/ablation/ablation3_model.pth,concat,yes,enabled,no_fls,legacy augmented 245 split,1,1,2,2,True,1,0.18641733,161,0.18577823,14,0.15577196,True,2.780789752018737,0.511355130009931,0.18641733,,,,
opxrd_730,opxrd,cnn_aug_peaks_concat,training_results/ablation/ablation3_model.pth,concat,yes,enabled,no_fls,legacy augmented 245 split,13,161,14,162,False,161,0.5902764,8,0.17382956,14,0.032780454,False,1.8021067278612364,0.3313866211741724,0.5902764,,,,
opxrd_735,opxrd,cnn_aug_peaks_concat,training_results/ablation/ablation3_model.pth,concat,yes,enabled,no_fls,legacy augmented 245 split,61,163,62,164,False,163,0.35593757,139,0.11621173,229,0.10973385,False,2.3432685161321904,0.4309000260969319,0.35593757,,,,
opxrd_738,opxrd,cnn_aug_peaks_concat,training_results/ablation/ablation3_model.pth,concat,yes,enabled,no_fls,legacy augmented 245 split,60,13,61,14,False,13,0.8142245,1,0.16486895,18,0.006862626,False,0.603021650516876,0.1108887193916782,0.8142245,,,,
opxrd_740,opxrd,cnn_aug_peaks_concat,training_results/ablation/ablation3_model.pth,concat,yes,enabled,no_fls,legacy augmented 245 split,3,1,4,2,False,1,0.31051835,18,0.13661693,13,0.0939839,False,2.5611386242565017,0.4709638235790345,0.31051835,,,,
opxrd_742,opxrd,cnn_aug_peaks_concat,training_results/ablation/ablation3_model.pth,concat,yes,enabled,no_fls,legacy augmented 245 split,220,220,221,221,True,220,0.99999785,136,1.0482295e-06,60,6.090338e-07,True,3.393710767968533e-05,6.240642284123893e-06,0.99999785,,,,
opxrd_743,opxrd,cnn_aug_peaks_concat,training_results/ablation/ablation3_model.pth,concat,yes,enabled,no_fls,legacy augmented 245 split,71,71,72,72,True,71,0.9974462,185,0.0011137545,204,0.00026302546,True,0.0234652279670281,0.0043149845072183,0.9974462,,,,
opxrd_745,opxrd,cnn_aug_peaks_concat,training_results/ablation/ablation3_model.pth,concat,yes,enabled,no_fls,legacy augmented 245 split,73,73,74,74,True,73,0.99419904,14,0.0054365476,1,0.00020194611,True,0.0376818325439127,0.006929253952233,0.99419904,,,,
opxrd_749,opxrd,cnn_aug_peaks_concat,training_results/ablation/ablation3_model.pth,concat,yes,enabled,no_fls,legacy augmented 245 split,62,51,63,52,False,51,0.73486215,13,0.1193492,1,0.08341668,False,1.044204864657258,0.1920172188264799,0.73486215,,,,
opxrd_752,opxrd,cnn_aug_peaks_concat,training_results/ablation/ablation3_model.pth,concat,yes,enabled,no_fls,legacy augmented 245 split,35,35,36,36,True,35,0.9517218,18,0.01678005,13,0.011076053,True,0.2805217231783283,0.0515847061513111,0.9517218,,,,
opxrd_755,opxrd,cnn_aug_peaks_concat,training_results/ablation/ablation3_model.pth,concat,yes,enabled,no_fls,legacy augmented 245 split,4,13,5,14,False,13,0.19098964,3,0.13196902,18,0.08550158,False,3.320779813497373,0.6106530679036616,0.19098964,,,,
opxrd_756,opxrd,cnn_aug_peaks_concat,training_results/ablation/ablation3_model.pth,concat,yes,enabled,no_fls,legacy augmented 245 split,166,166,167,167,True,166,0.1963583,138,0.053130228,61,0.051736925,True,3.641097220927152,0.6695557409309157,0.1963583,,,,
opxrd_760,opxrd,cnn_aug_peaks_concat,training_results/ablation/ablation3_model.pth,concat,yes,enabled,no_fls,legacy augmented 245 split,13,59,14,60,False,59,0.44558385,60,0.1366443,13,0.084778905,True,2.0547798028043807,0.3778502824393805,0.44558385,,,,
opxrd_773,opxrd,cnn_aug_peaks_concat,training_results/ablation/ablation3_model.pth,concat,yes,enabled,no_fls,legacy augmented 245 split,165,13,166,14,False,13,0.36381787,165,0.3112501,128,0.04980524,True,2.0502215822904315,0.3770120783134367,0.36381787,,,,
opxrd_779,opxrd,cnn_aug_peaks_concat,training_results/ablation/ablation3_model.pth,concat,yes,enabled,no_fls,legacy augmented 245 split,1,197,2,198,False,197,0.55385923,12,0.06902681,163,0.050441816,False,2.00581625965407,0.368846452158721,0.55385923,,,,
opxrd_781,opxrd,cnn_aug_peaks_concat,training_results/ablation/ablation3_model.pth,concat,yes,enabled,no_fls,legacy augmented 245 split,73,73,74,74,True,73,0.99730253,14,0.002499339,1,0.0001116569,True,0.0196907127419502,0.003620894735691,0.99730253,,,,
opxrd_782,opxrd,cnn_aug_peaks_concat,training_results/ablation/ablation3_model.pth,concat,yes,enabled,no_fls,legacy augmented 245 split,12,12,13,13,True,12,0.9332533,14,0.02319179,18,0.010379517,True,0.4027547914791057,0.0740619561796821,0.9332533,,,,
opxrd_787,opxrd,cnn_aug_peaks_concat,training_results/ablation/ablation3_model.pth,concat,yes,enabled,no_fls,legacy augmented 245 split,216,216,217,217,True,216,0.9905449,13,0.0029959024,14,0.0016742734,True,0.0773468272925737,0.0142231885374781,0.9905449,,,,
opxrd_797,opxrd,cnn_aug_peaks_concat,training_results/ablation/ablation3_model.pth,concat,yes,enabled,no_fls,legacy augmented 245 split,11,163,12,164,False,163,0.4794144,165,0.102241114,175,0.10018302,False,2.061360622652623,0.3790604192311415,0.4794144,,,,
opxrd_801,opxrd,cnn_aug_peaks_concat,training_results/ablation/ablation3_model.pth,concat,yes,enabled,no_fls,legacy augmented 245 split,87,87,88,88,True,87,0.98602897,14,0.008099034,32,0.0022398871,True,0.0954077653666534,0.0175443865281812,0.98602897,,,,
opxrd_803,opxrd,cnn_aug_peaks_concat,training_results/ablation/ablation3_model.pth,concat,yes,enabled,no_fls,legacy augmented 245 split,124,124,125,125,True,124,0.9994949,91,0.00027018858,59,0.00011198252,True,0.0051102256415774,0.0009397114957834,0.9994949,,,,
opxrd_805,opxrd,cnn_aug_peaks_concat,training_results/ablation/ablation3_model.pth,concat,yes,enabled,no_fls,legacy augmented 245 split,138,138,139,139,True,138,0.89222723,139,0.017838253,220,0.01565116,True,0.6639735591877332,0.1220970716808482,0.89222723,,,,
opxrd_808,opxrd,cnn_aug_peaks_concat,training_results/ablation/ablation3_model.pth,concat,yes,enabled,no_fls,legacy augmented 245 split,128,1,129,2,False,1,0.36116815,175,0.26073158,204,0.071528204,False,2.329886587215743,0.4284392438691903,0.36116815,,,,
opxrd_809,opxrd,cnn_aug_peaks_concat,training_results/ablation/ablation3_model.pth,concat,yes,enabled,no_fls,legacy augmented 245 split,61,163,62,164,False,163,0.1401812,18,0.102801554,32,0.093297735,False,3.1142165341907693,0.572668465699045,0.1401812,,,,
opxrd_816,opxrd,cnn_aug_peaks_concat,training_results/ablation/ablation3_model.pth,concat,yes,enabled,no_fls,legacy augmented 245 split,13,1,14,2,False,1,0.7148818,13,0.12501821,28,0.05874899,True,1.1787771729939474,0.2167635126357433,0.7148818,,,,
opxrd_817,opxrd,cnn_aug_peaks_concat,training_results/ablation/ablation3_model.pth,concat,yes,enabled,no_fls,legacy augmented 245 split,13,14,14,15,False,14,0.2296481,31,0.09956431,25,0.079486236,False,3.2594465309867537,0.5993745853684805,0.2296481,,,,
opxrd_818,opxrd,cnn_aug_peaks_concat,training_results/ablation/ablation3_model.pth,concat,yes,enabled,no_fls,legacy augmented 245 split,190,190,191,191,True,190,0.9997756,139,0.00010115942,165,5.330839e-05,True,0.0025539864403701,0.0004696486195373,0.9997756,,,,
opxrd_823,opxrd,cnn_aug_peaks_concat,training_results/ablation/ablation3_model.pth,concat,yes,enabled,no_fls,legacy augmented 245 split,13,175,14,176,False,175,0.6108163,13,0.10277379,71,0.06613657,True,1.7480603653872362,0.3214481191031715,0.6108163,,,,
opxrd_824,opxrd,cnn_aug_peaks_concat,training_results/ablation/ablation3_model.pth,concat,yes,enabled,no_fls,legacy augmented 245 split,13,13,14,14,True,13,0.9412702,18,0.021314025,28,0.014698513,True,0.3411107288328995,0.0627263247656539,0.9412702,,,,
opxrd_826,opxrd,cnn_aug_peaks_concat,training_results/ablation/ablation3_model.pth,concat,yes,enabled,no_fls,legacy augmented 245 split,124,124,125,125,True,124,0.99567467,91,0.0031924332,59,0.00089992414,True,0.0313920047008123,0.0057726272305926,0.99567467,,,,
opxrd_831,opxrd,cnn_aug_peaks_concat,training_results/ablation/ablation3_model.pth,concat,yes,enabled,no_fls,legacy augmented 245 split,222,165,223,166,False,165,0.2992144,163,0.2718601,166,0.054779258,False,2.505005165200857,0.4606415285430764,0.2992144,,,,
opxrd_833,opxrd,cnn_aug_peaks_concat,training_results/ablation/ablation3_model.pth,concat,yes,enabled,no_fls,legacy augmented 245 split,138,138,139,139,True,138,0.9678534,224,0.009927557,220,0.0067257057,True,0.2145584676383646,0.0394548250310181,0.9678534,,,,
opxrd_836,opxrd,cnn_aug_peaks_concat,training_results/ablation/ablation3_model.pth,concat,yes,enabled,no_fls,legacy augmented 245 split,11,1,12,2,False,1,0.82407355,18,0.098408595,13,0.058772407,False,0.6621804786764286,0.1217673448766873,0.82407355,,,,
opxrd_850,opxrd,cnn_aug_peaks_concat,training_results/ablation/ablation3_model.pth,concat,yes,enabled,no_fls,legacy augmented 245 split,18,1,19,2,False,1,0.5274767,4,0.17078662,13,0.13311213,False,1.477613510582623,0.2717160649271972,0.5274767,,,,
opxrd_862,opxrd,cnn_aug_peaks_concat,training_results/ablation/ablation3_model.pth,concat,yes,enabled,no_fls,legacy augmented 245 split,224,224,225,225,True,224,1.0,205,1.2921861e-09,50,1.275354e-10,True,2.9628238812556958e-08,5.448291047160858e-09,1.0,,,,
opxrd_866,opxrd,cnn_aug_peaks_concat,training_results/ablation/ablation3_model.pth,concat,yes,enabled,no_fls,legacy augmented 245 split,224,224,225,225,True,224,1.0,50,5.429616e-10,205,2.6636525e-11,True,1.2321926678715454e-08,2.2658600543939734e-09,1.0,,,,
opxrd_871,opxrd,cnn_aug_peaks_concat,training_results/ablation/ablation3_model.pth,concat,yes,enabled,no_fls,legacy augmented 245 split,224,224,225,225,True,224,0.9999999,50,7.610488e-08,226,2.2770186e-10,True,1.3744233373370573e-06,2.527405834412535e-07,0.9999999,,,,
opxrd_875,opxrd,cnn_aug_peaks_concat,training_results/ablation/ablation3_model.pth,concat,yes,enabled,no_fls,legacy augmented 245 split,224,224,225,225,True,224,0.9999994,50,6.365378e-07,226,1.2007333e-09,True,9.737946343857653e-06,1.7906959039525082e-06,0.9999994,,,,
opxrd_883,opxrd,cnn_aug_peaks_concat,training_results/ablation/ablation3_model.pth,concat,yes,enabled,no_fls,legacy augmented 245 split,224,224,225,225,True,224,1.0,50,8.6541896e-10,205,3.952913e-11,True,1.9157460069426386e-08,3.522835725840083e-09,1.0,,,,
opxrd_885,opxrd,cnn_aug_peaks_concat,training_results/ablation/ablation3_model.pth,concat,yes,enabled,no_fls,legacy augmented 245 split,224,224,225,225,True,224,1.0,205,1.4220827e-09,50,5.518229e-12,True,2.91103973157084e-08,5.3530659745881145e-09,1.0,,,,
opxrd_886,opxrd,cnn_aug_peaks_concat,training_results/ablation/ablation3_model.pth,concat,yes,enabled,no_fls,legacy augmented 245 split,224,224,225,225,True,224,1.0,50,2.8851121e-09,226,1.231479e-11,True,5.726840834927857e-08,1.0530999107590874e-08,1.0,,,,
opxrd_898,opxrd,cnn_aug_peaks_concat,training_results/ablation/ablation3_model.pth,concat,yes,enabled,no_fls,legacy augmented 245 split,224,224,225,225,True,224,1.0,205,3.1637541e-09,50,4.691515e-11,True,6.309456810398465e-08,1.160236262101851e-08,1.0,,,,
opxrd_901,opxrd,cnn_aug_peaks_concat,training_results/ablation/ablation3_model.pth,concat,yes,enabled,no_fls,legacy augmented 245 split,224,224,225,225,True,224,1.0,50,2.8295142e-09,205,2.5627216e-09,True,1.1271672479789248e-07,2.072730432837541e-08,1.0,,,,
opxrd_904,opxrd,cnn_aug_peaks_concat,training_results/ablation/ablation3_model.pth,concat,yes,enabled,no_fls,legacy augmented 245 split,224,224,225,225,True,224,1.0,205,5.1975473e-09,50,4.5856863e-11,True,1.0026130453984953e-07,1.8436896345982576e-08,1.0,,,,
opxrd_907,opxrd,cnn_aug_peaks_concat,training_results/ablation/ablation3_model.pth,concat,yes,enabled,no_fls,legacy augmented 245 split,224,224,225,225,True,224,0.9999994,50,6.486011e-07,190,4.265202e-09,True,1.0009655246206786e-05,1.8406600341010505e-06,0.9999994,,,,
opxrd_910,opxrd,cnn_aug_peaks_concat,training_results/ablation/ablation3_model.pth,concat,yes,enabled,no_fls,legacy augmented 245 split,224,224,225,225,True,224,1.0,50,8.760358e-11,205,3.0609838e-11,True,2.7794065046690914e-09,5.111007667925033e-10,1.0,,,,
opxrd_913,opxrd,cnn_aug_peaks_concat,training_results/ablation/ablation3_model.pth,concat,yes,enabled,no_fls,legacy augmented 245 split,224,224,225,225,True,224,1.0,50,4.893751e-08,226,1.8511538e-10,True,8.306011533481116e-07,1.5273796246134197e-07,1.0,,,,
opxrd_917,opxrd,cnn_aug_peaks_concat,training_results/ablation/ablation3_model.pth,concat,yes,enabled,no_fls,legacy augmented 245 split,224,224,225,225,True,224,1.0,205,1.1735507e-08,50,4.2285227e-11,True,2.1538160285456717e-07,3.960619009383577e-08,1.0,,,,
opxrd_927,opxrd,cnn_aug_peaks_concat,training_results/ablation/ablation3_model.pth,concat,yes,enabled,no_fls,legacy augmented 245 split,224,224,225,225,True,224,1.0,205,1.1523957e-09,50,1.5245369e-10,True,2.7646034076267365e-08,5.0837864815439065e-09,1.0,,,,
opxrd_930,opxrd,cnn_aug_peaks_concat,training_results/ablation/ablation3_model.pth,concat,yes,enabled,no_fls,legacy augmented 245 split,224,224,225,225,True,224,0.9999988,50,1.1864026e-06,190,4.6154522e-08,True,1.8523450201448954e-05,3.4062486310294022e-06,0.9999988,,,,
opxrd_935,opxrd,cnn_aug_peaks_concat,training_results/ablation/ablation3_model.pth,concat,yes,enabled,no_fls,legacy augmented 245 split,224,224,225,225,True,224,1.0,205,3.608943e-11,50,3.0192637e-11,True,1.6007645517611442e-09,2.943621195694027e-10,1.0,,,,
opxrd_938,opxrd,cnn_aug_peaks_concat,training_results/ablation/ablation3_model.pth,concat,yes,enabled,no_fls,legacy augmented 245 split,224,224,225,225,True,224,1.0,205,4.9617483e-09,50,8.295738e-11,True,9.688587466912997e-08,1.781619376351363e-08,1.0,,,,
opxrd_943,opxrd,cnn_aug_peaks_concat,training_results/ablation/ablation3_model.pth,concat,yes,enabled,no_fls,legacy augmented 245 split,224,224,225,225,True,224,1.0,50,3.071334e-08,205,1.7638566e-08,True,9.154359591698776e-07,1.683381037984797e-07,1.0,,,,
opxrd_944,opxrd,cnn_aug_peaks_concat,training_results/ablation/ablation3_model.pth,concat,yes,enabled,no_fls,legacy augmented 245 split,224,224,225,225,True,224,1.0,205,1.17217045e-08,50,1.9207858e-12,True,2.1410917040882054e-07,3.93722044578303e-08,1.0,,,,
opxrd_950,opxrd,cnn_aug_peaks_concat,training_results/ablation/ablation3_model.pth,concat,yes,enabled,no_fls,legacy augmented 245 split,224,224,225,225,True,224,1.0,205,5.069173e-09,50,6.315728e-10,True,1.1059002284526839e-07,2.033622839295562e-08,1.0,,,,
opxrd_958,opxrd,cnn_aug_peaks_concat,training_results/ablation/ablation3_model.pth,concat,yes,enabled,no_fls,legacy augmented 245 split,224,224,225,225,True,224,0.9999999,50,1.00081486e-07,205,1.26650725e-08,True,2.1819597686604487e-06,4.012372098141582e-07,0.9999999,,,,
opxrd_965,opxrd,cnn_aug_peaks_concat,training_results/ablation/ablation3_model.pth,concat,yes,enabled,no_fls,legacy augmented 245 split,224,224,225,225,True,224,1.0,50,1.5291184e-09,205,1.1999178e-11,True,3.1533966794124165e-08,5.798732420540637e-09,1.0,,,,
opxrd_970,opxrd,cnn_aug_peaks_concat,training_results/ablation/ablation3_model.pth,concat,yes,enabled,no_fls,legacy augmented 245 split,224,224,225,225,True,224,1.0,205,7.443368e-09,50,5.977353e-10,True,1.5261484705516108e-07,2.8064108370898443e-08,1.0,,,,
opxrd_983,opxrd,cnn_aug_peaks_concat,training_results/ablation/ablation3_model.pth,concat,yes,enabled,no_fls,legacy augmented 245 split,224,224,225,225,True,224,1.0,205,9.640677e-11,50,1.45933e-11,True,2.5869217548340867e-09,4.757050436151745e-10,1.0,,,,
opxrd_986,opxrd,cnn_aug_peaks_concat,training_results/ablation/ablation3_model.pth,concat,yes,enabled,no_fls,legacy augmented 245 split,224,224,225,225,True,224,1.0,50,2.1570823e-08,226,7.657888e-11,True,3.833876662607413e-07,7.050056545362459e-08,1.0,,,,
opxrd_994,opxrd,cnn_aug_peaks_concat,training_results/ablation/ablation3_model.pth,concat,yes,enabled,no_fls,legacy augmented 245 split,224,224,225,225,True,224,1.0,205,4.4581805e-09,50,5.2072267e-11,True,8.698778152917123e-08,1.59960487127202e-08,1.0,,,,
opxrd_998,opxrd,cnn_aug_peaks_concat,training_results/ablation/ablation3_model.pth,concat,yes,enabled,no_fls,legacy augmented 245 split,224,224,225,225,True,224,1.0,205,9.111825e-09,50,2.973023e-10,True,1.753782778706773e-07,3.2250040484496785e-08,1.0,,,,
opxrd_1005,opxrd,cnn_aug_peaks_concat,training_results/ablation/ablation3_model.pth,concat,yes,enabled,no_fls,legacy augmented 245 split,224,224,225,225,True,224,1.0,205,2.8480008e-08,50,1.975468e-11,True,4.95311785588546e-07,9.10821187870141e-08,1.0,,,,
opxrd_1015,opxrd,cnn_aug_peaks_concat,training_results/ablation/ablation3_model.pth,concat,yes,enabled,no_fls,legacy augmented 245 split,224,224,225,225,True,224,1.0,50,2.203667e-08,226,1.2173879e-10,True,3.932198006316578e-07,7.230858144831286e-08,1.0,,,,
opxrd_1016,opxrd,cnn_aug_peaks_concat,training_results/ablation/ablation3_model.pth,concat,yes,enabled,no_fls,legacy augmented 245 split,224,224,225,225,True,224,0.9999999,50,1.5289667e-07,226,4.443381e-10,True,2.534364330583254e-06,4.660403400929966e-07,0.9999999,,,,
opxrd_1024,opxrd,cnn_aug_peaks_concat,training_results/ablation/ablation3_model.pth,concat,yes,enabled,no_fls,legacy augmented 245 split,224,224,225,225,True,224,1.0,205,4.763074e-09,50,4.0499235e-09,True,1.7710463960346945e-07,3.2567498475585544e-08,1.0,,,,
opxrd_1027,opxrd,cnn_aug_peaks_concat,training_results/ablation/ablation3_model.pth,concat,yes,enabled,no_fls,legacy augmented 245 split,224,224,225,225,True,224,1.0,205,1.0880951e-08,50,1.2961275e-10,True,2.025585816238253e-07,3.7248184536671337e-08,1.0,,,,
opxrd_1037,opxrd,cnn_aug_peaks_concat,training_results/ablation/ablation3_model.pth,concat,yes,enabled,no_fls,legacy augmented 245 split,224,224,225,225,True,224,1.0,205,4.7848496e-11,50,3.5897275e-11,True,2.0031666607498006e-09,3.6835922151095866e-10,1.0,,,,
opxrd_1039,opxrd,cnn_aug_peaks_concat,training_results/ablation/ablation3_model.pth,concat,yes,enabled,no_fls,legacy augmented 245 split,224,224,225,225,True,224,1.0,205,9.924789e-09,50,7.886966e-09,True,3.404054914651369e-07,6.259663975598421e-08,1.0,,,,
opxrd_1054,opxrd,cnn_aug_peaks_concat,training_results/ablation/ablation3_model.pth,concat,yes,enabled,no_fls,legacy augmented 245 split,224,224,225,225,True,224,1.0,205,1.2335214e-08,50,1.06421094e-10,True,2.271347625885117e-07,4.176746047373977e-08,1.0,,,,
opxrd_1058,opxrd,cnn_aug_peaks_concat,training_results/ablation/ablation3_model.pth,concat,yes,enabled,no_fls,legacy augmented 245 split,224,224,225,225,True,224,1.0,205,1.9440801e-08,50,1.4630382e-09,True,3.764028397590439e-07,6.921613650271976e-08,1.0,,,,
opxrd_1061,opxrd,cnn_aug_peaks_concat,training_results/ablation/ablation3_model.pth,concat,yes,enabled,no_fls,legacy augmented 245 split,224,224,225,225,True,224,1.0,205,7.377897e-09,50,4.310202e-12,True,1.382602209237493e-07,2.5424458355523035e-08,1.0,,,,
opxrd_1067,opxrd,cnn_aug_peaks_concat,training_results/ablation/ablation3_model.pth,concat,yes,enabled,no_fls,legacy augmented 245 split,224,224,225,225,True,224,1.0,205,7.922215e-09,50,5.1821988e-11,True,1.490392145041473e-07,2.7406590826947477e-08,1.0,,,,
opxrd_1068,opxrd,cnn_aug_peaks_concat,training_results/ablation/ablation3_model.pth,concat,yes,enabled,no_fls,legacy augmented 245 split,224,224,225,225,True,224,1.0,205,4.9772053e-10,50,1.1933558e-11,True,1.09606805777181e-08,2.01554261257886e-09,1.0,,,,
opxrd_1072,opxrd,cnn_aug_peaks_concat,training_results/ablation/ablation3_model.pth,concat,yes,enabled,no_fls,legacy augmented 245 split,224,224,225,225,True,224,1.0,205,8.85172e-09,50,1.9960426e-10,True,1.687278914301979e-07,3.102711119959889e-08,1.0,,,,
opxrd_1079,opxrd,cnn_aug_peaks_concat,training_results/ablation/ablation3_model.pth,concat,yes,enabled,no_fls,legacy augmented 245 split,224,224,225,225,True,224,1.0,205,1.6395121e-10,50,1.8557982e-11,True,4.152557979386865e-09,7.636074693822588e-10,1.0,,,,
opxrd_1081,opxrd,cnn_aug_peaks_concat,training_results/ablation/ablation3_model.pth,concat,yes,enabled,no_fls,legacy augmented 245 split,224,224,225,225,True,224,1.0,50,2.761264e-10,205,1.9292169e-11,True,6.593255717556968e-09,1.2124236045506501e-09,1.0,,,,
opxrd_1082,opxrd,cnn_aug_peaks_concat,training_results/ablation/ablation3_model.pth,concat,yes,enabled,no_fls,legacy augmented 245 split,224,224,225,225,True,224,1.0,50,3.576053e-11,205,2.2403737e-11,True,1.4125979673533654e-09,2.5976045715910616e-10,1.0,,,,
opxrd_1083,opxrd,cnn_aug_peaks_concat,training_results/ablation/ablation3_model.pth,concat,yes,enabled,no_fls,legacy augmented 245 split,224,224,225,225,True,224,1.0,205,9.657324e-09,50,4.2727405e-11,True,1.793040059981698e-07,3.2971936562961633e-08,1.0,,,,
opxrd_1084,opxrd,cnn_aug_peaks_concat,training_results/ablation/ablation3_model.pth,concat,yes,enabled,no_fls,legacy augmented 245 split,224,224,225,225,True,224,1.0,205,1.220466e-10,50,1.1466288e-10,True,5.4266109208069164e-09,9.978910958327763e-10,1.0,,,,
opxrd_1087,opxrd,cnn_aug_peaks_concat,training_results/ablation/ablation3_model.pth,concat,yes,enabled,no_fls,legacy augmented 245 split,224,224,225,225,True,224,1.0,50,2.2110937e-08,205,8.211258e-09,True,5.810078214191512e-07,1.0684063037951494e-07,1.0,,,,
opxrd_1091,opxrd,cnn_aug_peaks_concat,training_results/ablation/ablation3_model.pth,concat,yes,enabled,no_fls,legacy augmented 245 split,224,224,225,225,True,224,1.0,205,5.270513e-09,50,7.022503e-11,True,1.021515118230476e-07,1.8784483642125258e-08,1.0,,,,
opxrd_1092,opxrd,cnn_aug_peaks_concat,training_results/ablation/ablation3_model.pth,concat,yes,enabled,no_fls,legacy augmented 245 split,224,224,225,225,True,224,0.99999976,50,2.6201238e-07,226,7.1613526e-10,True,4.234998333409866e-06,7.787672986785561e-07,0.99999976,,,,
opxrd_1094,opxrd,cnn_aug_peaks_concat,training_results/ablation/ablation3_model.pth,concat,yes,enabled,no_fls,legacy augmented 245 split,224,224,225,225,True,224,1.0,205,5.5845495e-10,50,9.222929e-12,True,1.2131058123890189e-08,2.230761530819285e-09,1.0,,,,
opxrd_1100,opxrd,cnn_aug_peaks_concat,training_results/ablation/ablation3_model.pth,concat,yes,enabled,no_fls,legacy augmented 245 split,224,224,225,225,True,224,1.0,50,6.2346306e-09,205,2.0206166e-09,True,1.7659035220266905e-07,3.247292696024251e-08,1.0,,,,
opxrd_1105,opxrd,cnn_aug_peaks_concat,training_results/ablation/ablation3_model.pth,concat,yes,enabled,no_fls,legacy augmented 245 split,224,224,225,225,True,224,0.9999999,50,6.632506e-08,226,1.1935634e-10,True,1.2205150623001383e-06,2.2443862859767946e-07,0.9999999,,,,
opxrd_1113,opxrd,cnn_aug_peaks_concat,training_results/ablation/ablation3_model.pth,concat,yes,enabled,no_fls,legacy augmented 245 split,224,224,225,225,True,224,1.0,205,7.0656245e-09,50,2.935003e-10,True,1.3942801681207852e-07,2.563920253669249e-08,1.0,,,,
opxrd_1117,opxrd,cnn_aug_peaks_concat,training_results/ablation/ablation3_model.pth,concat,yes,enabled,no_fls,legacy augmented 245 split,224,224,225,225,True,224,1.0,205,4.952832e-09,50,5.76867e-11,True,9.611142467919716e-08,1.7673781351715585e-08,1.0,,,,
opxrd_1118,opxrd,cnn_aug_peaks_concat,training_results/ablation/ablation3_model.pth,concat,yes,enabled,no_fls,legacy augmented 245 split,224,224,225,225,True,224,1.0,50,4.1028343e-08,205,1.0317569e-08,True,1.0672543947500831e-06,1.9625576129403906e-07,1.0,,,,
opxrd_1120,opxrd,cnn_aug_peaks_concat,training_results/ablation/ablation3_model.pth,concat,yes,enabled,no_fls,legacy augmented 245 split,224,224,225,225,True,224,1.0,205,1.0709846e-08,50,5.00361e-10,True,2.0757995893603725e-07,3.81715578504758e-08,1.0,,,,
opxrd_1123,opxrd,cnn_aug_peaks_concat,training_results/ablation/ablation3_model.pth,concat,yes,enabled,no_fls,legacy augmented 245 split,224,224,225,225,True,224,1.0,205,6.9440853e-09,50,5.5948884e-11,True,1.3182649535050737e-07,2.4241370502669367e-08,1.0,,,,
opxrd_1126,opxrd,cnn_aug_peaks_concat,training_results/ablation/ablation3_model.pth,concat,yes,enabled,no_fls,legacy augmented 245 split,224,224,225,225,True,224,1.0,205,1.4209439e-09,50,3.607262e-12,True,2.904014105839208e-08,5.3401466600056575e-09,1.0,,,,
opxrd_1135,opxrd,cnn_aug_peaks_concat,training_results/ablation/ablation3_model.pth,concat,yes,enabled,no_fls,legacy augmented 245 split,224,224,225,225,True,224,1.0,205,7.60149e-09,50,1.1385002e-10,True,1.448024224765735e-07,2.662749368862112e-08,1.0,,,,
opxrd_1138,opxrd,cnn_aug_peaks_concat,training_results/ablation/ablation3_model.pth,concat,yes,enabled,no_fls,legacy augmented 245 split,224,224,225,225,True,224,1.0,205,1.2081548e-08,50,3.9561562e-11,True,2.2123092321855638e-07,4.0681812575911604e-08,1.0,,,,
opxrd_1140,opxrd,cnn_aug_peaks_concat,training_results/ablation/ablation3_model.pth,concat,yes,enabled,no_fls,legacy augmented 245 split,224,224,225,225,True,224,1.0,205,1.1319255e-08,50,1.3576125e-10,True,2.1027150810527366e-07,3.8666502667632095e-08,1.0,,,,
opxrd_1142,opxrd,cnn_aug_peaks_concat,training_results/ablation/ablation3_model.pth,concat,yes,enabled,no_fls,legacy augmented 245 split,224,224,225,225,True,224,1.0,50,4.9696975e-08,190,4.8416976e-10,True,8.554283717816288e-07,1.5730340129059537e-07,1.0,,,,
opxrd_1145,opxrd,cnn_aug_peaks_concat,training_results/ablation/ablation3_model.pth,concat,yes,enabled,no_fls,legacy augmented 245 split,224,224,225,225,True,224,1.0,205,7.3232607e-09,50,3.3538257e-12,True,1.372673265008982e-07,2.52418765345441e-08,1.0,,,,
opxrd_1152,opxrd,cnn_aug_peaks_concat,training_results/ablation/ablation3_model.pth,concat,yes,enabled,no_fls,legacy augmented 245 split,224,224,225,225,True,224,1.0,205,1.7108305e-09,50,1.0302319e-10,True,3.71130119596229e-08,6.824654414054825e-09,1.0,,,,
opxrd_1175,opxrd,cnn_aug_peaks_concat,training_results/ablation/ablation3_model.pth,concat,yes,enabled,no_fls,legacy augmented 245 split,224,224,225,225,True,224,0.99999845,50,1.5547457e-06,226,4.784902e-09,True,2.258714225237367e-05,4.153514682161963e-06,0.99999845,,,,
opxrd_1180,opxrd,cnn_aug_peaks_concat,training_results/ablation/ablation3_model.pth,concat,yes,enabled,no_fls,legacy augmented 245 split,224,224,225,225,True,224,1.0,205,1.1361173e-08,50,1.3210336e-10,True,2.1097919170033333e-07,3.8796637510259066e-08,1.0,,,,
opxrd_1183,opxrd,cnn_aug_peaks_concat,training_results/ablation/ablation3_model.pth,concat,yes,enabled,no_fls,legacy augmented 245 split,224,224,225,225,True,224,1.0,205,3.8110515e-09,50,6.526905e-11,True,7.547050634803396e-08,1.3878154778691156e-08,1.0,,,,
opxrd_1185,opxrd,cnn_aug_peaks_concat,training_results/ablation/ablation3_model.pth,concat,yes,enabled,no_fls,legacy augmented 245 split,224,224,225,225,True,224,0.9999999,205,7.159777e-08,50,2.5540717e-11,True,1.297790642773741e-06,2.386487156677233e-07,0.9999999,,,,
opxrd_1188,opxrd,cnn_aug_peaks_concat,training_results/ablation/ablation3_model.pth,concat,yes,enabled,no_fls,legacy augmented 245 split,224,224,225,225,True,224,1.0,205,2.32972e-09,50,3.4535506e-11,True,4.716644880964745e-08,8.673365379620946e-09,1.0,,,,
opxrd_1190,opxrd,cnn_aug_peaks_concat,training_results/ablation/ablation3_model.pth,concat,yes,enabled,no_fls,legacy augmented 245 split,224,224,225,225,True,224,1.0,205,1.4516714e-10,50,1.6528619e-11,True,3.698553245817268e-09,6.801212405542546e-10,1.0,,,,
opxrd_aug_source_715_label_52,opxrd,cnn_aug_peaks_concat,training_results/ablation/ablation3_model.pth,concat,yes,enabled,no_fls,legacy augmented 245 split,52,52,53,53,True,52,0.9996804,1,7.2202165e-05,17,4.890748e-05,True,0.0037286130447738,0.0006856488905293,0.9996804,,,,
